[{"groupId":"120363377267726783@g.us","comandos":[]},{"groupId":"120363132562172546@g.us","comandos":[]},{"groupId":"120363384115618173@g.us","comandos":[]},{"groupId":"120363326830555579@g.us","comandos":[]},{"groupId":"120363392930403795@g.us","comandos":[]},{"groupId":"120363372940684056@g.us","comandos":[]},{"groupId":"120363317479389649@g.us","comandos":[]},{"groupId":"120363360925326896@g.us","comandos":[]},{"groupId":"120363417696345206@g.us","comandos":[]},{"groupId":"120363290151469129@g.us","comandos":[]},{"groupId":"120363350215263345@g.us","comandos":[]},{"groupId":"120363417072880072@g.us","comandos":[]},{"groupId":"120363418773690870@g.us","comandos":[]},{"groupId":"120363371235994226@g.us","comandos":[]},{"groupId":"120363371179334177@g.us","comandos":[]},{"groupId":"120363396676556351@g.us","comandos":[]},{"groupId":"120363380924175294@g.us","comandos":[]},{"groupId":"120363398299183308@g.us","comandos":[]},{"groupId":"120363418726192003@g.us","comandos":[]},{"groupId":"120363420899275753@g.us","comandos":[]},{"groupId":"120363417577736572@g.us","comandos":[]}]