{
  "AntiPrivado": {
    "status": false,
    "message": "Sinto muito *#nome#*, meu dono não permitiu eu responder ninguém. Então, infelizmente irei te bloquear, qualquer dúvida entre em contato com meu proprietário."
  },
  "AntiPrivado2": {
    "status": false,
    "message": "Segundo as configurações, não é permitido enviar mensagem para o bot, atualmente ele está programado para não responder usuários comuns, somente os usuários premiuns e meus donos, qualquer dúvida entre em contato com meu proprietário."
  },
  "AntiPrivado3": {
    "status": true,
    "message": "Este tipo de anti privado não contém nenhuma mensagem, ou seja, somente ignora os comandos dos usuários comuns (aqueles que não tem premium)."
  },
  "listanegraG": [],
  "listabrancaG": [],
  "blockCmdG": [],
  "CommandsVIP": [
    "destrava",
    "destrava2",
    "listaddd",
    "gerarcpf",
    "premiumlist",
    "tinyurl",
    "cuttly",
    "bitly",
    "scep",
    "cotacao",
    "igstalk",
    "igsh"
  ],
  "Verificado": true,
  "AntiCall": false,
  "ModoAluguel": false,
  "ViewMessagesChat": true,
  "LimitCommand": {
    "message": "🕒 Oops! Parece que você usou um comando recentemente. Você precisará esperar {rtime} antes de poder usar outro comando. Vá fazer algo saudável como caminhar e volte quando terminar a contagem!"
  },
  "buttons": {
    "comment": "Ativar e desativar o encaminho de mensagens com botões na execução de comandos, aviso: a ativação só funciona no WhatsApp normal, já no Business tem interferência na hora de encaminhar os botões.",
    "status": true
  },
  "botOffline": false
}