[{"id":"558299668686@s.whatsapp.net","nick":"Victor Gabriel","level":1,"contador":78},{"id":"554399827762@s.whatsapp.net","nick":"$ 𝒇𝒍𝒆𝒙𝒂🦅","level":1,"contador":0},{"id":"558184096628@s.whatsapp.net","nick":"ᴀyʟᴀ ʙᴏᴛ ᴇᴛᴇʀɴɪᴛy⁩","level":1,"contador":0},{"id":"5517997631364@s.whatsapp.net","nick":"vnzzkkj","level":1,"contador":0},{"id":"5511947862897@s.whatsapp.net","nick":"LATAM DATA CENTER","level":1,"contador":0},{"id":"558287216898@s.whatsapp.net","nick":"Deivid 👍🏻","level":1,"contador":0},{"id":"559187218772@s.whatsapp.net","nick":"Pietro Delas","level":1,"contador":0},{"id":"554799195164@s.whatsapp.net","nick":"Kelvin ▁ⓥᴾᴿᴼ","level":1,"contador":0},{"id":"5524999056299@s.whatsapp.net","nick":"ﾠﾠﾠﾠﾠﾠﾠﾠﾠﾠﾠﾠﾠﾠﾠﾠﾠfriez 𖣂","level":1,"contador":0},{"id":"556493000211@s.whatsapp.net","nick":"Theus","level":1,"contador":0},{"id":"559193106345@s.whatsapp.net","nick":"𝙻𝙺","level":1,"contador":0},{"id":"556299569526@s.whatsapp.net","nick":"Pombo","level":1,"contador":0},{"id":"5511965908058@s.whatsapp.net","nick":"KATANA BOT V.1","level":1,"contador":0},{"id":"559870091812@s.whatsapp.net","nick":"As","level":1,"contador":0},{"id":"558894891020@s.whatsapp.net","nick":"𝐂𝐚𝐫𝐥𝐨𝐬 𝐒𝐨𝐮𝐬𝐚","level":1,"contador":0},{"id":"554891212513@s.whatsapp.net","nick":"Silvia  🦋Siln","level":1,"contador":0},{"id":"5513982189399@s.whatsapp.net","nick":"Victor Gabriel","level":1,"contador":0},{"id":"5511964648527@s.whatsapp.net","nick":"Victor único","level":1,"contador":0},{"id":"559181492986@s.whatsapp.net","nick":"ℒica  W Hyun ♥︎","level":1,"contador":0},{"id":"553171769092@s.whatsapp.net","nick":"Felipe🥏","level":1,"contador":0},{"id":"555180526789@s.whatsapp.net","nick":"ა𝕥ҽᲩ ꭐ̲ ʝⲓ࣪ᩥაo꯭𑄝ׁׅ  🐰","level":1,"contador":0},{"id":"558182166913@s.whatsapp.net","nick":"《Pombo》 《Bot》","level":1,"contador":0},{"id":"5521972123929@s.whatsapp.net","nick":"erik","level":1,"contador":0},{"id":"5521978602772@s.whatsapp.net","nick":"jotta'","level":1,"contador":0},{"id":"5519995999218@s.whatsapp.net","nick":"?ZerØPhoenix¿ ᵏᵏᵍʳ","level":1,"contador":0},{"id":"5516981783325@s.whatsapp.net","nick":"TᴙAꙅHx_   ☕","level":1,"contador":0},{"id":"555196133413@s.whatsapp.net","nick":"fael $","level":1,"contador":0},{"id":"558491619740@s.whatsapp.net","nick":"ᷧᷟᷠᷡᷡᷚᷛᷜᷝᷞᷗᷢᷡᷩᷨᷰᷱᷲᷳᷴᷭᷫᴏͦ ʙᷨʀͬᴜͧxͯᴏͦ","level":1,"contador":0},{"id":"558896393233@s.whatsapp.net","nick":"Renato","level":1,"contador":0},{"id":"5513991200703@s.whatsapp.net","nick":"Ricardo","level":1,"contador":0},{"id":"5521967040978@s.whatsapp.net","nick":"𝗣𝗼𝗿𝘁𝘂𝗴𝗮𝗹 𝕸𝖆𝖑𝖛𝖆𝖉𝖔 𝟕 🍀","level":2,"contador":161},{"id":"554284330348@s.whatsapp.net","nick":"Non-existent contact","level":1,"contador":0},{"id":"6283172101415@s.whatsapp.net","nick":"?ZerØPhoenix¿ ᵏᵏᵍʳ","level":1,"contador":0},{"id":"5527996298911@s.whatsapp.net","nick":"Portugal","level":1,"contador":0},{"id":"558288279194@s.whatsapp.net","nick":"Victor Gabriel","level":1,"contador":0},{"id":"5521971983758@s.whatsapp.net","nick":"Vitukjk","level":1,"contador":0},{"id":"5511954738489@s.whatsapp.net","nick":"Laércio Cerqueira","level":1,"contador":0},{"id":"553899393900@s.whatsapp.net","nick":"João Pedro","level":1,"contador":0},{"id":"559182577902@s.whatsapp.net","nick":"ᴍʀ.ɴɪɴᴊᴀ ッ","level":1,"contador":0},{"id":"558281788853@s.whatsapp.net","nick":"ana alicya","level":1,"contador":0},{"id":"558288696616@s.whatsapp.net","nick":"júlia","level":1,"contador":0},{"id":"558293357394@s.whatsapp.net","nick":"Lavinia","level":1,"contador":0},{"id":"5511919779217@s.whatsapp.net","nick":"Kyou Designer","level":1,"contador":0},{"id":"556697216571@s.whatsapp.net","nick":"max","level":1,"contador":0},{"id":"5511968053559@s.whatsapp.net","nick":"Vitinho","level":1,"contador":0},{"id":"558282081066@s.whatsapp.net","nick":"💎★᭄ꦿ᭄ꦿJαℯℒ₷ℴท★᭄ꦿ᭄ꦿ💎","level":1,"contador":7},{"id":"556196697514@s.whatsapp.net","nick":"🇻🇦","level":1,"contador":0},{"id":"380960120195@s.whatsapp.net","nick":"Rick","level":1,"contador":0},{"id":"5511964752915@s.whatsapp.net","nick":"Fantasma Mods","level":1,"contador":0},{"id":"556481310187@s.whatsapp.net","nick":"@𝚖𝟺𝚝𝚑𝚡𝚢𝚣_ </>","level":1,"contador":0},{"id":"5521976789771@s.whatsapp.net","nick":"Victor Gabriel","level":1,"contador":0},{"id":"556593065507@s.whatsapp.net","nick":"Yurizinn","level":1,"contador":0},{"id":"556596947474@s.whatsapp.net","nick":"Yurizinn","level":1,"contador":0},{"id":"557791009651@s.whatsapp.net","nick":"𝙻𝚅𝙶 𝚙𝚑.𝟺𝟼𝚖","level":1,"contador":0},{"id":"48732079357@s.whatsapp.net","nick":"Kyoko - Supremacy","level":1,"contador":0},{"id":"559891991285@s.whatsapp.net","nick":"Pedro","level":1,"contador":0},{"id":"5524998371313@s.whatsapp.net","nick":"ぢ ⋆`. ૮⊹𐙚᮫᷼ᩘ 𝕮eᨵׁ ꛊ 𝕯d𝐌̶̤͠ᨵ̸ׁׅׅdz ヰ ᨵ̸ׁׅׅ𝐟с テ","level":1,"contador":0},{"id":"559392368174@s.whatsapp.net","nick":"kimere 𝕯𝖔𝖒𝖎𝖓𝖎𝖚𝖒 ./ 𝕯","level":1,"contador":0},{"id":"558892659041@s.whatsapp.net","nick":"Josué </>","level":1,"contador":0},{"id":"556881120025@s.whatsapp.net","nick":"ZyD","level":1,"contador":0},{"id":"553195595444@s.whatsapp.net","nick":"Sandro Bot","level":1,"contador":0},{"id":"557398176607@s.whatsapp.net","nick":"Davi","level":1,"contador":0},{"id":"559991993622@s.whatsapp.net","nick":"Daniel","level":1,"contador":0},{"id":"553484126731@s.whatsapp.net","nick":"Kesley Gabriel","level":1,"contador":0},{"id":"5511996230477@s.whatsapp.net","nick":"ㅤ","level":1,"contador":0},{"id":"556696375201@s.whatsapp.net","nick":"｡*ﾟ.*.｡(っ ᐛ )っ  𝔤𝔢𝔯ｍ𝔞ᑎＯ","level":1,"contador":0},{"id":"557193876595@s.whatsapp.net","nick":".. LoVe","level":1,"contador":0},{"id":"5511981098371@s.whatsapp.net","nick":"Kited","level":1,"contador":0},{"id":"557781240215@s.whatsapp.net","nick":"五白𝐒𝐇𝐎𝐓𝐙这|⁶³","level":1,"contador":0},{"id":"558393072655@s.whatsapp.net","nick":"𓊈𝙱𝚄𝙺𝙰𝚈𝙾 𝚂𝙰𝙺𝙰𓊉","level":1,"contador":0},{"id":"551431690000@s.whatsapp.net","nick":"?ZerØPhoenix¿","level":1,"contador":0},{"id":"5521969234038@s.whatsapp.net","nick":"kaique¿?","level":1,"contador":0},{"id":"5511980370924@s.whatsapp.net","nick":"hutãobot-Md","level":1,"contador":0},{"id":"5521991032234@s.whatsapp.net","nick":"BRUNO","level":1,"contador":0},{"id":"553584520652@s.whatsapp.net","nick":"٬̤⃟🌸","level":1,"contador":0},{"id":"5524999788221@s.whatsapp.net","nick":"𝑴𝒊𝒄𝒂𝒆𝒍 𝑳𝒆𝒎𝒐𝒔","level":1,"contador":0},{"id":"994407519417@s.whatsapp.net","nick":"𝐕𝐓𝐙 𝐌𝐎𝐃𝐒 𝐎𝐅𝐂","level":1,"contador":0},{"id":"556799292350@s.whatsapp.net","nick":"hz pecinha","level":1,"contador":0},{"id":"5521976866619@s.whatsapp.net","nick":"🌹⃟⃢👑Δ₸ƦΛ₷Θ𖧹Θƒ🌹⃟⃢♘","level":1,"contador":0},{"id":"556593398343@s.whatsapp.net","nick":"𝐘𝐔𝐑𝐈 𝐁𝐎𝐓 𝐎𝐅𝐂 💙","level":1,"contador":0},{"id":"558881087393@s.whatsapp.net","nick":"gab","level":1,"contador":0},{"id":"558188868464@s.whatsapp.net","nick":"Yanyan","level":1,"contador":0},{"id":"553591416439@s.whatsapp.net","nick":"Slin","level":1,"contador":0},{"id":"5216421147692@s.whatsapp.net","nick":"𝐏.𝐀. 𝐙𝐢𝐧 𝐖𝐞𝐛  ᶻ 𝗓 𐰁","level":1,"contador":0},{"id":"559881045916@s.whatsapp.net","nick":"KLZIN (dono)","level":1,"contador":0},{"id":"555181882948@s.whatsapp.net","nick":"_wrx_furioso_😎","level":1,"contador":0},{"id":"558496635175@s.whatsapp.net","nick":"China 🇨🇳","level":1,"contador":0},{"id":"558494072751@s.whatsapp.net","nick":"⋆˙.ᐟ ༄","level":1,"contador":0}]