{"version":17,"hash":{"type":"Buffer","data":"IJSNYNdjgU7IKsWym3BF9EAE2qtqsU7okO3RVgso4RWjsUyXm5O1Md3K6c/fDEib8n9UUCvX46e4j6cPH5e0e+MaSRhwQFIlwksNNhrL3dMg/TfVuauCyBFhxFzCOLPaBxeTnR3y4IQui+cibUx4rl2lPOYOYUFedQ4pI86cADY="},"indexValueMap":{"M+jvYZhSpcoJdhGXl4K3ftd9OW+60jUuKApMXW5m4OU=":{"valueMac":{"type":"Buffer","data":"deDX4r2qut1S9MFIq9FPscDHacGj4n9nVqVA8g5KA0U="}},"XMDzLZZ42UeIfia2p3J3AvB0VcDyOxRvwsLMivyY7G8=":{"valueMac":{"type":"Buffer","data":"dpXu3vK3W9Vr9yBFVFFa4a4LLrAAEcIDEmGkUUeOJyg="}},"Xpa1gOqRe1pTjcLWpE5aMxoiZYQTl1iaqaEFZ6yjsgg=":{"valueMac":{"type":"Buffer","data":"Qrk+axW43hHVKDMvxTjO0qIiutOCRE04T2FaRA/LV24="}},"X6krRM3avSTrmkqZC+x5eo0Z2U0K7dRuzyFwjUIg9so=":{"valueMac":{"type":"Buffer","data":"4B35B9VOnA+qgOFZAXUcWdUE67ro/37Bo8fBEJN3LkY="}},"fgRfC0Jj1LYgDOo8tCa3B8ouGMfqYZ/tzyoZDjKaq0U=":{"valueMac":{"type":"Buffer","data":"Fv4y1qSWUyCcMUaxPwryfqQbAFDATXS0/bTBAqJNn0s="}},"0+F8GjlZRXgjRqPFSWT2aBmMQMVknRuAoCC1OmeTrXQ=":{"valueMac":{"type":"Buffer","data":"Oqlflga3sAsQBERNJMyK8vngI81dILvaERmGIh+BcqI="}},"1IHmE38pkcmQAo22VuExaKm3QwWBzz60WQlcF5++4iI=":{"valueMac":{"type":"Buffer","data":"Pipt6itT7Rd3+aZ4njTbzrs9XS6gUu8igqzGBp8jxMA="}},"3OZzPFLlCvbzbibD9e1i1RpW+ze89Y761E6KklFTamY=":{"valueMac":{"type":"Buffer","data":"XPtxe9GTC9qzm5BK2gD1iP5417a6ueWXBAW7Qowuh0g="}},"js2kn+G6IwdG62si/O6/DpZkZpvMBjS0btCCsnEQbmg=":{"valueMac":{"type":"Buffer","data":"emACGK2Rg/tP2XZZXFNJ1bHKyF6vsQX/HW3oew84ogI="}},"eEDw2R+ZbXrimR4pSQWl+W/Vuvssr0M4XFrFVR2wihQ=":{"valueMac":{"type":"Buffer","data":"v3TO+QdJwqffgE1ac9VXUjoSLGvnxDyt16UD0KWS5C4="}},"2uRMKb0c20QwOOqb3VIqReIs5witHU2NB1Qzc75dzqE=":{"valueMac":{"type":"Buffer","data":"A//ZpHiUrbf2ECdUq33ny9rwln/eKKfBVru/JVGulCc="}},"sCcDW9PgEG7+xDjTwTX8kpxT7beYn5/Du4rBME7skgA=":{"valueMac":{"type":"Buffer","data":"83jFtuuCGUsWJbEfNZoaQs+FPFDTcBnXIylogZ9OblE="}},"z7D34A5KoRRZs8CwBhFIsE7ETEdsKz3McnvIgPyaOW8=":{"valueMac":{"type":"Buffer","data":"UTcq/AbKZp8kN0dfIFAoqP3O/mqZFR7STTHAZImHXxA="}},"gfdJJUlyV1qROFC6RsJ/CfPA/eqSd9J6iTThM9FBHlw=":{"valueMac":{"type":"Buffer","data":"vymZXMU6sDjFd7q6rJvapaMh3ZwZ0UX1QDU/n9ni+co="}},"t0Nu+50s9xjuA5knKJ865gCrUhSYxKTz90ABMDAPo08=":{"valueMac":{"type":"Buffer","data":"VqO92oGEWtRunyQLBAGmb2BlBDobeKL6QdJ2TUFXEVw="}},"nfe0jL0qEzuIN8PJfANO0zAQsXQn1pQHXHkuQt9f7hI=":{"valueMac":{"type":"Buffer","data":"eZ3x9RtifzG3icXwqirGSXXFxLMJnUqQaDVMRGsrRG4="}},"4EdEFshT2kV5bjJOng63tUQPDLdgDf/UdlIZaWO+Xeg=":{"valueMac":{"type":"Buffer","data":"W1UvOVBYKMGQHtlgPwIOp850U/36ZAbs3Kk2ETuSCws="}},"hsS4pkYVULhlcfwDCe3G82xKL9JV0iE7A1MqkZyZlyo=":{"valueMac":{"type":"Buffer","data":"MuertAZJr3xPLeD32luTMDw589hfeXg151PV7O1oujg="}},"39vLZZVBSOPR9HvzuzTndB0QtiW/+Vs6pmpgNw9CCV0=":{"valueMac":{"type":"Buffer","data":"A1jeIvq2w+kxLEfJQOapWUp1yFUTD4Rs6Bl2fUcTZNQ="}},"ZNaHic8qaKlfK2QOYcsGnjeg6NVRDE7zexd97hNCTu0=":{"valueMac":{"type":"Buffer","data":"tN02DLUaPYmKvVXtDGHWIJfWEJgMsXlVkHuTtKgX8bg="}},"CpH8c2cGs0rBiwPwJj2yvG8f15PhbPEWvutZ4nO7YII=":{"valueMac":{"type":"Buffer","data":"QZBbQmC5BRkfLD5ssen0a6KTtjaJJM500HPktuc26q4="}},"7Knc5jfIuZMy1PojV/qL2MmnDrD12f389qzc2fEmr7o=":{"valueMac":{"type":"Buffer","data":"x8hPad+NMJZCWLaNHbd6eUrFNzDV2BYDap3C8xgevtE="}},"Bk23HYrwbkc4e76Fvmo9FaiEpoDZ0jWNdSZO2pdbQVU=":{"valueMac":{"type":"Buffer","data":"bKjsR5NuVUPg8i75KW5ZnznezbCZNoOrRTuGiQkAbFY="}}}}