{"version":11,"hash":{"type":"Buffer","data":"7JhL+QquXGS3sd7MsDagpLT3gbNWSuU/4Okj1JEyvWTFyRkc+iqMMnDccWGAB0qMsbw7SWa2SPUMZ3DoWHXew6fyrllGY8vbYPMn5bRvqmoxIgqy3NPJzkkNLjICU1IQkW2uSFBpkYNeF4PP1c1ou7wvn7H2P42OwOCMb2oJtT0="},"indexValueMap":{"B8rk4/v2/f3TYuNXRRcc/JxKp2/fL2JU9YJMjCa6rFw=":{"valueMac":{"type":"Buffer","data":"kB/6+kRGPGzkho31tfxqv2QMgda1jHukATj4J/1LoR4="}},"DLWrYBmlQLqbovo/Kinv9vOws2pcyut8JqvZQtx70D4=":{"valueMac":{"type":"Buffer","data":"1nWjh3vjT45Z/vL532qv+IuUflGDapL379DPBNbTtVI="}},"FfUDaDD0LPUv7sOpaK/MwVZLGOcfBcgkCBS/BIJ3u1w=":{"valueMac":{"type":"Buffer","data":"mKcDiCOphQgXHxjA9DaDmzzxzfx/HPawHE7LcKwZRmo="}},"FpCzM4niQ0YYhU1+TlEgc5qoc0sU2G84SPaT3bgPk/U=":{"valueMac":{"type":"Buffer","data":"RXLUxswaCSQTJ/EHlDy4XBunDQkmpttKLEmj3QFpBlc="}},"Hljm18dP3EAY74JRwuiSTjx6VaW2cufnV+rl9ISih8w=":{"valueMac":{"type":"Buffer","data":"5PfUmXKPTfxe8w7fW3jr10S1KmGVd2Se7FvfaidvmfU="}},"JlTFsUj6u74GgdH2iLvouoT3b4+v/STyGuXZfcAV/D8=":{"valueMac":{"type":"Buffer","data":"y5SHUMlqCpOnl8ZNMCG2Wp6FN5lvdZoojP5UK4hnuCA="}},"LMkGok864kq+8/zEq/pldQRRI6fSJleAF4mHQu1KV9Q=":{"valueMac":{"type":"Buffer","data":"CzUcrwlt2Rzg+XwLIxvB4BFxDx/Lzf6z0AT6PILBiKs="}},"M0Ox2+PLQOTn/qwfwuTLKRXaqGn/s88s1vxKpsWrFC8=":{"valueMac":{"type":"Buffer","data":"yLkmfyB8azRme9B4oKPTuUpxf2hmrSPGvpVOiXkbkgc="}},"NVTtzQJy0s8EkqCzmxt6r3uh1m3u1c0zrKCJC8I+Ss0=":{"valueMac":{"type":"Buffer","data":"uM7mYJwm20Zfzm5jPUCYqKdd+eZqy4G31g7Qj7qMxRM="}},"NuLWWZx55+Tj7UZHK667BxQDfvRt4isyEEuMKfdRI3I=":{"valueMac":{"type":"Buffer","data":"tHENnKtZla2DduP+/VoOSlFI/+oBE1pG1zr4hlp8aHU="}},"PSj0fBZo+pd25HL7zZ8y5uaTNxMi+BvW1I5Nb0w0UUo=":{"valueMac":{"type":"Buffer","data":"Nl62DtByhkBFd2F/pb8TogoFMQ3ttNTMuZqPwFWCUbo="}},"PofEncN6P6dOZCLWxcdzujYaoNoHxupOfabqI/89q3Y=":{"valueMac":{"type":"Buffer","data":"/taT5NHWjIxqgsE/2+kPV8v49iT6s5jghD6lPAKb3ck="}},"Q2Xv99kxGNHn+xrMkolDlhMMX2mGnUwiOAfEM7rvGe4=":{"valueMac":{"type":"Buffer","data":"adeaAiJmtOF5YQ2WpK8PKwDx7PjP8TBdg8qWeDC7wbA="}},"RIT0xhCBZFC4O/lIqKAuMiwmSA2OVJMgXusgCKp0pyA=":{"valueMac":{"type":"Buffer","data":"olVnOeg32vFrpehUouXrGKWtLzO7biz8Bf0Tn2lL8eE="}},"SAinAfnvlSXGNj+kkWs6f2AodT//yZQK8nQpnKueR3Y=":{"valueMac":{"type":"Buffer","data":"QGJHum5DldUeoW7ywKxOabaT7jOxja7U5KysHEw6LDs="}},"S4X++joCkHEKnyCyLkZJ9T1wXi1KGvdhSzHQVNhG7vE=":{"valueMac":{"type":"Buffer","data":"0iVXwPqUheLWi7UX2790zPEOiyB6GSsm2FOjJjKIIJU="}},"VIqqarFoFT4mIIcDuszE48Yqy9EF1JrglvL0tjd9SM8=":{"valueMac":{"type":"Buffer","data":"jc+6OsViawefS7z13yDDfFMSbEc85/5l/QMcouSFonc="}},"W8U4gDvc7T5BjplZif8xmq8VqspDbi6DrTNkN4yFZ8E=":{"valueMac":{"type":"Buffer","data":"5EPDMjrxr8PpI8siNvUS3+4atYbCwvjkqLCXtcQvf6k="}},"a1+QbEowSedXehGIIJk2umxY9Y43rMLim5HBwnGbm+4=":{"valueMac":{"type":"Buffer","data":"QPjEjhpJoNg8vyryD/X/XTeuw0lwDzHGVTPwN6qdGYI="}},"bQdxQ192uoO1err9RwLhjEOZXaY+XQKLL+lFwkt8i+k=":{"valueMac":{"type":"Buffer","data":"6Ud6w6e4kejs+rj+55uEP0RIlWgTKv7QoFdxX50ZRDU="}},"d43pdaUBAh0pgTaF/F92IAg9y6zANpknKCUvoCEAVA0=":{"valueMac":{"type":"Buffer","data":"lHLFZG21Pg56vHLQNyD3cwN45cFRRKeZJhublZOKNXg="}},"fiE1NxU7NSBW6K/UaiUVPegeOmP63DFQSivi5eiyEsY=":{"valueMac":{"type":"Buffer","data":"IWqEKNFwS2BHdodavy/HR8A7WTjhZD9ZEVUGedny4Rk="}},"gVzu2oEyzDQxTIlj99YryR0e1jXz214btACzGrj2D0k=":{"valueMac":{"type":"Buffer","data":"gvpOf8vEooJr7DUAGKyPyXODs3S9EvVCawbG/spBzNI="}},"jRfBjlcVnY+Se+Y/EQvcUNnqkOWLXOt6BkBxz6vqpMA=":{"valueMac":{"type":"Buffer","data":"tz8WKIa5xMEVXJ09YLB89gZQ87JfFiKQCjKrl2ccBQo="}},"knxfE/nqz2wC5Gz0lDDKorpUIrqtTcSJE8FvYtpLQfw=":{"valueMac":{"type":"Buffer","data":"l0lpQgnLMPbl4g/YvYWBa0rlUTuERNUPj4j2STFZMeE="}},"myUlcY9nW2uhGA0vkSCKWB2ZiWhru9o9u3BUf61TkcY=":{"valueMac":{"type":"Buffer","data":"4eTtYZRwLjOCixKp6L02bQRaLxNptt51oontIOcxKig="}},"m2uZV4Yjefe+eqOp1vUXdH6LM0XUZunxyKUTTRHGVk8=":{"valueMac":{"type":"Buffer","data":"pzF+K6jh/u8TgoyL8KS2yHJN3uifIiLPLk7h9Na1on4="}},"oW9uhwWAzHWDOLbiJUCvmTQWJ9403r079o7Gq0mk1SE=":{"valueMac":{"type":"Buffer","data":"rrMd+Cx2HuAVYL7J/dqFttZ/YEfeNXnRJFAyeuRVzDQ="}},"pMLyS5z0KxpELNWQIVnTyMF+UfLAxpA/x4ltoCJjHc4=":{"valueMac":{"type":"Buffer","data":"XbOygHblx+LcklyKwY7leIwuB3OjhVp8nrCD4HJcg64="}},"qHWTOf+mR1B5PdrOW3W3mhfpKua9luM3wjqJHZizqds=":{"valueMac":{"type":"Buffer","data":"gqYfEbFA/irbse8E9SHvyXt4fdcE/CKi0ohzTNdQwUI="}},"qcvQXaIcBEaVsTasYKKvCia+A6hcpi9tfr4HwsgLeEw=":{"valueMac":{"type":"Buffer","data":"WwnbhuURmjSzVz/ZcOu18u6nWIUPgbBcbi7IHSQ/m/I="}},"qfgHtngqwi9mwNkVmKiUfGnVtdu5vCsWzn7iC4EiUbk=":{"valueMac":{"type":"Buffer","data":"IKaMe0QoUbpcLuFFT+CVqH9uYrT5y40adhVMCCuQ6Z0="}},"q5Cgp4e4FFVdgAF9LMkqaTNxz73yxGqJeSs7neg7r+k=":{"valueMac":{"type":"Buffer","data":"tIS5qfQLuQneW8cH4MPoLLfFNTc+Z9CcDm9BrH58nQc="}},"q61VhO9dF+gvP53dvewfL6NOy8v3fya+IITZIN5nrWY=":{"valueMac":{"type":"Buffer","data":"ThKW+JDMZwVDTor9Lo5Lcle8C/YHQRlGFZVH2quHQso="}},"rMnMlYe8GR76vj6dpucUSEQAA68KMDDn0EGIrEbpCvI=":{"valueMac":{"type":"Buffer","data":"JCdVv5k2ww0wJIewkUokVolSSW3WF4azjSwoXQ74PaM="}},"rv/s1sTFvaJ8nUwddjW1r6gzdd9RYfaqS5n9uYItn2M=":{"valueMac":{"type":"Buffer","data":"uHLhn2Ca76w0aqVtCsJNfKvoAw8Ico6TzgRKRaxNH2Q="}},"t2m0lcaTALjeI8g6HzD6CY32uss/qBCqRALYy5x+Yzk=":{"valueMac":{"type":"Buffer","data":"hh/gFfwGjjXNt9SwtRzlr8Dq5DJyde5zZ+fmfOzM77U="}},"t9fy2GCQNEdb/SD2K2nyddrT2m2EkjkNhjWcbCDFG1I=":{"valueMac":{"type":"Buffer","data":"zUTcpJyYKukK0GYS404hBDaRlXY09CKv/yAjhkouU2I="}},"uP0fb0KBHlKa9+Yf0flu+GGBWd7cUlvalJVihBB0qOU=":{"valueMac":{"type":"Buffer","data":"fj3pePAL/XjSIGfQBXnGPNRHYwvTAZxTOKomWDT8RnU="}},"v5iNkBFhVlBWFGzkkQPrNIRveC30ETfZFWckeYiiZmw=":{"valueMac":{"type":"Buffer","data":"D8OYGlhnDdgP4KwQl40I28y0CjoPn5aevf1inOr6x4I="}},"wHIpK5IF/Vh/XEQAGQXn//G6Af9QISuBCfVmcgTi5r0=":{"valueMac":{"type":"Buffer","data":"33x0KWz/FE8tbJABG/Ld/2ThPmhvPFaklYp+XcYesWo="}},"w4eepK3C97re858YeWD6y9KLy296E7qDcQtj9g3Bsqs=":{"valueMac":{"type":"Buffer","data":"zK/hU/Pj7drmSggF0QBGcCic0U2ByDkzW9X+fJxmO3A="}},"xOSnKPwfru3+vEZMNP42SZPem3Ekpo7dSF+yPc0nd9k=":{"valueMac":{"type":"Buffer","data":"43O230wR01bsBtPpvxWEp9sGTs+3aGyXGGgZIdYHvgE="}},"yMbEgHxC70qv4grd04aylr2+DDEkLFPITtiyDa/Msmk=":{"valueMac":{"type":"Buffer","data":"i3GSpNcDpphIxGHd/Do/Wg1vYyw1vuViHz+cj7oMbLI="}},"y/dPB8qNR3vxc7aRm2getWmiEs6Z0JF7rYUqVza+vcs=":{"valueMac":{"type":"Buffer","data":"hIfl9w1OXvMBucvz+V4BauDrYJLgZsrWnk3nBWXodWU="}},"znhkl3kL5fqZIZ5+ACFyRlEaTYbHH0+oZZbuuqWVjjk=":{"valueMac":{"type":"Buffer","data":"8RRwYwQIwYe2AWhoHaxCWoYuEP5Gs3BdbgBplWgf+xQ="}},"z9A83wwVIZ9Zz/haw14UWxyizQ+JFA9+QAINxi3LqCE=":{"valueMac":{"type":"Buffer","data":"y2Tg+I/LOLchgIIrmf7sMKUUM2/dR3dXwaIHCjmfodI="}},"1K9i6eBJt8lrpv3prW3jQqLtVkngp2s41Z5jq0SnNrA=":{"valueMac":{"type":"Buffer","data":"yHqmCpnZuvzyKb2LxdWEVgPhwk/53KvClk9uoyMy87w="}},"9uc+RIf+fCX8j6gXExke+orccvzxvAVYdpuHrzQnKV8=":{"valueMac":{"type":"Buffer","data":"WF+Yj8hUuXeZ8bY6a1d0AuCnooXs6p7Iv6NvngUtZ0s="}},"+UXo5pfwk9QC15IVqzdDCkZwPACveHpHGkdVRybu5pI=":{"valueMac":{"type":"Buffer","data":"R5ljg5GNGx++XbeUdJM9i9bEFL0aSy8+pvP6BR2SU8Q="}},"+evtQ/1Luw2/plpPFnXJD262r9D0UfYfnNucWep00aw=":{"valueMac":{"type":"Buffer","data":"S8yeXqh806PmneVHv04YQck6G2rb+XSg0gDJxvLBJIc="}},"/ILSDDae2VjZLyKG77NQpSeKxzpSSbaV8ZbIzcLrTSw=":{"valueMac":{"type":"Buffer","data":"WU+7HvzIDPsusV/15FNSPbr/gb9SGdn5FsSkVVwn4Rg="}},"/11mXxQRc8C9Iu+cTk6kLSoP7Un6W8X66pg1wl/UWnQ=":{"valueMac":{"type":"Buffer","data":"YgvqeitBpFWzBO+DP9A5LxLbT1QXMu0ByhKDP0wx6lo="}},"M5CiA5/Ddjj+UtGSNy7Latu6mA5JRHx2gYFlBA4bmRs=":{"valueMac":{"type":"Buffer","data":"5yZBCBf4rWBa3XEjVsousFhQs4M3N8zHjgKUTvr2F08="}},"HEwXJUr1cmvNbT8MOO361dSkyWTfqTYS/ZGuM0DSRuk=":{"valueMac":{"type":"Buffer","data":"/X/ys8iucoeOjYqgVlyfNk0jlTxUX6cBFEgEBW+1l3I="}},"f8Qb7X5rYnp8tU3N4HG36yqy1Nyfl1r0aICtnLf4oV4=":{"valueMac":{"type":"Buffer","data":"Z4W3daqrQWtxeYkAoydBPLJlq0PMTa1SUCx+xjeZpy8="}},"i4MUeOMNuWWhyW+CZr8OslzNRWzC4BmOyP3Galb/pH8=":{"valueMac":{"type":"Buffer","data":"XH8PnFQ/44du7H/9e5RXImgi0do8hxpk+TudZqEcUVI="}},"LcqzWwnx2EX6JH/hd73gSx1ayp+d2Z0VX79DZMvyUb8=":{"valueMac":{"type":"Buffer","data":"8Zzl5d7xGkKkZEluoJrfF1mxwq9vUwSm0Rqx1rY5mY8="}}}}