{"version":25,"hash":{"type":"Buffer","data":"U0NiQkqzU1jbzqXfaUdx5SMGewWfbCIaBMB7JOua+G7cR066AHkyLSOX04k1YLe+VtGGjpYkBf8SkYF2CwkvEWpcEzXk2FmhKxkITfIOavNa452hfo3TRR6hZ0ZCi2uldadKu/eaFY0sUZnyl5k5R8wZsWLtOMQfaAXWwpMxtPI="},"indexValueMap":{"AEoMlKkH88cN7kCojUjWDERxPHBF2UNziaImIXg2kWs=":{"valueMac":{"type":"Buffer","data":"DxfvRPVvGmhCeZQrcy3jUFB0w/wTQREWRob7vny8EBU="}},"AGnqaYmPrsI1C52dYoUp4LXprZcT4w5b2xRSksJRWQ4=":{"valueMac":{"type":"Buffer","data":"8M4NQnaiXVVOaiXlZaMoDIllbrBqgFxQo3gupVf/eDU="}},"ASJAXpDV4Hy8Wa42P5CiPpvRKO9D77OgAbzf6M7Y2dQ=":{"valueMac":{"type":"Buffer","data":"oUywDFQI0oGG1eswgB+VXXUAbhaVxBjl2LIUienf92c="}},"AhMPQQ8BBDwRfjQ4OJmLH4DjfiNdMmwuweMoFqCo4Xg=":{"valueMac":{"type":"Buffer","data":"8dqj9xqTvtWipe9GqdIuSBt4Z6aTjYKCAbpEqDjHJOE="}},"AlicBVn6lXnzdJPNSfYP1o2oHmIjZst8hK8K8CTuU+8=":{"valueMac":{"type":"Buffer","data":"TqTk7IQcEubpSUDMdk8MJ1zskPwr12TbfFU+IiojAq4="}},"AqThFzmBtC+wDO9CDuWBxQ6l5XILjKbx+T9xmuRuHL8=":{"valueMac":{"type":"Buffer","data":"S6H0ZVb2RwdGkiVhm5VEiz98+G+gnvkYPVp80oeaWhY="}},"A2AZz66rrmg8o9KcT9aNsl7SYIhbkLYtXeyo+ywR0FA=":{"valueMac":{"type":"Buffer","data":"y7luW5nicJlTV4tZNup37SzhCgFlE1bibsN8SBCaA2k="}},"A3g2CC1+dfkjFPrlYTQC933iNv7JDyHMsuhgHWiqN24=":{"valueMac":{"type":"Buffer","data":"Zd6OFfJTZOW7JO0WkbDdI84gdMF6nffMTlNhr78lT38="}},"BCR4z5HRQ+TBBrdHU3YTJShjh3QlWwyuqCNo2ZibzaY=":{"valueMac":{"type":"Buffer","data":"Mu0RHHhA5kJ+PDeuNqQqeLUnaAVx9GM4iX55mRTQzi0="}},"BGRXxu1EJacBZUBZoYFHihHIe5Q83nedW/VJByqKXbw=":{"valueMac":{"type":"Buffer","data":"K/0KHlINcQns721kh52/retP2/EQLRlpgK4yNOdGKuw="}},"BJv6YcJYAybx+qAElIK9AIpJ+Z6HkEt4CD8+YnbmR2I=":{"valueMac":{"type":"Buffer","data":"8sGcUUsvGeTUz9Po26KJ9+GQ6V0qZdWRkids0fAhXRE="}},"BKMzrfFNy8zRLw9xeN5LfCTjGpFh8k193iaXa7X0zxM=":{"valueMac":{"type":"Buffer","data":"fo+dCdhOMp8M8ix0u+kIsEUMt9DJGWykk2Ix61aEl+I="}},"BUmHNGAGXJRK46SLdO6GUrF4sE4zzpmmxH2l1phaimY=":{"valueMac":{"type":"Buffer","data":"cW+oYCrS/29CuNF5oMcQKTu0qe86gG/Yp0C3XqlZCLM="}},"BU21EGjRCyJr+KrJc7jG8xcNsYnU+60G8rFz/LP5gdQ=":{"valueMac":{"type":"Buffer","data":"7VlpHccq5stbvBmAinZZWcxJIUn/HJWhQqj6xn1XY1Y="}},"BYO7C7KSxf4si6AWSW9Exe+COavd9K3y7OwsuE64o2Y=":{"valueMac":{"type":"Buffer","data":"OjO60yHAqSzjHuMfS/1bxdwkWZ9Z/DbvWm7GxymY3iE="}},"BgX9xovBg/A4tf3ID7SbXPqkc2mn2och2Ceu+nDs9kc=":{"valueMac":{"type":"Buffer","data":"1bi2fh16cB1MyfRrexQnqrKAy/+NjWeAON8g05uGZSg="}},"BmMndypk93udEGX2wkzaFLIr9Xwlf3kiTpoEnmWzSho=":{"valueMac":{"type":"Buffer","data":"4rnihxunBFHia/vCnKN0BlMgt/zU+94wOYiBC3kceKU="}},"B16IlbV0N4Loqqduogj/6fD0fzX1SbaT4VikyE60fkw=":{"valueMac":{"type":"Buffer","data":"GaoFnkt79J77MdQKiqW+xRJvAttq8sVKMBHA2Cdp/cw="}},"B2Z9ZRiUwiSNC0qyVWJllaL2YpcVk8dmmmU3ISlWjhQ=":{"valueMac":{"type":"Buffer","data":"4kk/GD1uyEeWjGog4ftCV41alYhjwD9Y0mDCl7BF8F8="}},"CEIxHd2Su6vkclXNVu0qwFKykwz9cGBvvO67iEcWN3M=":{"valueMac":{"type":"Buffer","data":"FMi8mllsboMpyZEE+g4x/u2e8Eb7D90b2fzs2yoGxgs="}},"CF63vcF8aDKEL6zWYFd3TulJ78/i7ZCIGOuX4FmnCJ4=":{"valueMac":{"type":"Buffer","data":"pkKM4giUzgUHuuBYLit+2k85RDb1BdkMEQNhTOkqG90="}},"CJBx3qYpIN6Rl7rb9TPOMH6oZRXZyGHlT9fFY2T1uuA=":{"valueMac":{"type":"Buffer","data":"ZME9vVYCP7NYkRUXympu512ckg4RKr5K73WVmOgKElw="}},"CvTH9rxDpuHwjV5U4IoCoN3VYMtN6VL8i0fY3jJ3MxU=":{"valueMac":{"type":"Buffer","data":"phtWzsjUD49YIhQZyitKSNT1N6bJ22wqIlvpbEmRB+k="}},"C3q2XlAnfCp6mguyd+KiqrnKOYhkCCWGwTOTuWSgvlw=":{"valueMac":{"type":"Buffer","data":"45sNIDotwnzF9jcS31beT60CFtR4wQsrSuUb+vDW1U8="}},"C4KIzXc70EjOASivomGAKjqZT7/9VHyWas3YD2MTw5U=":{"valueMac":{"type":"Buffer","data":"Wljo3iOcucQHRJ1xyQ50wMs6qFZ72p49D5ZQ2O21+bE="}},"DVxeaVXTCFmmrjXGvf11l5pZBUfB0SFjWvXIvgPTSfk=":{"valueMac":{"type":"Buffer","data":"gMO/BWe2nVc3eZ+2LqPwA2JWtaymCWMPvL1JZKuLq2s="}},"DZC+9fCvvEzQ5b6qABhjDMau3q0k2yaz49BVgOH915I=":{"valueMac":{"type":"Buffer","data":"/uL8hPjI/k8HJYaMSeJD00oqPtY9qt36USJ5Q+qoSHU="}},"Db6nskVqOB0agFVm+tmmiLo6XllYuXdtH60r++qEPDI=":{"valueMac":{"type":"Buffer","data":"Esnw5iymSKO3QKB6JJ5vceayi509L77A2EXbpJ3oGwY="}},"DiSwiFp9S58aFrrLXnlSGOpF5KpKANsw3JNLzuYaeSI=":{"valueMac":{"type":"Buffer","data":"VCroeFa/2CFxxzrUEHFLcOBLQ/viDjemfqYIUnCdHxs="}},"DmCSl2noBe0MRyrVMsuKGORhoLsggJGKwVFJmxOVy/c=":{"valueMac":{"type":"Buffer","data":"IM3naJCwduhUB0sp75uZcK69Sr5OlLqoYJAXW1vmoYk="}},"Dorwhc/PfRCbEJwlGvNM2uwd3Tjx3/Vl4yxyXf5IuUE=":{"valueMac":{"type":"Buffer","data":"VVn5ZJMnKRGckf1iw+OghXnD1YMG6WJE96LL9zMh1zU="}},"DsXJ81z5BGMcUDsuvlnKQ3/g8uhbvYP1kqQOLUkEqqM=":{"valueMac":{"type":"Buffer","data":"Y/1gpuZPTbIo6dPCu+nlU23m4hSNmuu6QsuCjxqv0n4="}},"EMrFu1dPcV/9b963iSf66sIWk9XwLmZ6e00kyzZdypM=":{"valueMac":{"type":"Buffer","data":"vQV1wqo6j1uHBeZIjG6fmyCKqxnNnpdqpTCMuw5lR+Q="}},"EarfLJuqGVvs7/TAylwaA2mDgs/ZLygtWA3X5WkXgX4=":{"valueMac":{"type":"Buffer","data":"yDF6AZv1L8AuHgzCsDbw7iJZHTd8a2HJC5tBoZssATo="}},"Ew9IYs31H6X3Om/Kd7qJL7g3l+4AaXIBvG/PwabnsYE=":{"valueMac":{"type":"Buffer","data":"anmHHOxwWKDnrSCec6NDGUZhCiBsviNBW5adQ9ukfGY="}},"ExApL3GwUuqfeYZ/ge7xl7XJKWNjGoBhVcltjYc0D20=":{"valueMac":{"type":"Buffer","data":"lqR37cgSmWF5LMl3yd7gxUz7AejDaM8kvwZa1LWLUDE="}},"Ex1M5hVYMl3GGVjG3yuj4j78BnPYByIso4TgUy9oPFE=":{"valueMac":{"type":"Buffer","data":"SxTU6scR+KZv98uhWNOWr3ZTzYRZy4gjOMmnBbMcQ+I="}},"EytkSKl7gx9BfJQNTHRN9Zr8jT9I1SI6M6rDd488MRg=":{"valueMac":{"type":"Buffer","data":"6NZOQbIemYj6dgrX7pu+aSm5zYMoSEksNna6zCDjKa4="}},"FA+dxaRDw7buIhhp6lBnVxsl99YZeA5j5OIUJIOJ0nw=":{"valueMac":{"type":"Buffer","data":"z4X13ajvDgJPa04EPJrzchmP/fdUxWA9ClaCnO/QE0k="}},"FH7nwlkU5IZZoDk9Ctb97ZMQDP3yNdrwhBPOgK177Ag=":{"valueMac":{"type":"Buffer","data":"vij3w7DXVfWdluS2KyjQiELg6y5O19hcO6OvpFcwsZc="}},"FYVs8aloZJgWDUAzRugD+jX3/BQ9/hL0+FNK2O+W124=":{"valueMac":{"type":"Buffer","data":"rP5AmTNZeOc36Cl2Ll+z/1IUFkXXqNQapjpVDc6wUEc="}},"Fmr6nBXuy96Pk/kc2dYRDoI7KpkGkacefl2qY71lBk4=":{"valueMac":{"type":"Buffer","data":"fGh83bDF5vPs1tFl/McR/SIVvxfwPAqhNrPXcGJFTpQ="}},"F34NKjr8ACAmjbhGOhHns8IJNMus6H9YP8IHcXMMb1Y=":{"valueMac":{"type":"Buffer","data":"b8BCdADYJStt7r/SgFqFyx6AZmXdCtCiAT020BIF7dM="}},"GNoFnLOT/pKnK/r7CuY8GK0B1wmYsp6ZikOThVPDVRE=":{"valueMac":{"type":"Buffer","data":"m0lylei2nH4ry+8YRGdAAOn6irDkSsVbHNCCFkOZ1XE="}},"GR0K4RLFtNzkNa5mswkzj3HCdDCqoK8gKUVIA6bnN9o=":{"valueMac":{"type":"Buffer","data":"weH9N4lNlYpBQnrZfCTofcAA2M3riHO1SAu7P8Gn58w="}},"GSe3D5c/6C2fqwz6SHdbiEqrevXjcQvZ7bis8Zi0VRo=":{"valueMac":{"type":"Buffer","data":"v3IljttG5cU4QmOdMKdr89P1z5WkiHZdqLsFNfSLx+4="}},"GVOI7Qhyd+dlqRj5ykEAfuIt2Okxt5Kz9bDhAuh3DD0=":{"valueMac":{"type":"Buffer","data":"YPXmnODyBniXFKN7lsDtdDXfdKPlzRP8c4nYXN0Rlso="}},"GXSxZoATJYRTxox8rit5aKq4ZZut1UQR/z/Di6BQIyQ=":{"valueMac":{"type":"Buffer","data":"Kt2Browjn5sbn9d8p1q8IdvMoZTREQ1KJJKbx4no8yg="}},"GXoDc6CWJCQiGNFHVSQN/qtYGbJzXcAM34gWJjl4io4=":{"valueMac":{"type":"Buffer","data":"Ov4Sk+spajko3rm0aMk6KBk8TdPuIsN8HaLK94O0LWM="}},"GsL/N09G/H7R1PZs/50y4x1NWEFWtG0/3ZAge5g9t/8=":{"valueMac":{"type":"Buffer","data":"qIjOwwrQ90mVYWr3RSvjw1UNg7t79T/KorWbalxrBuw="}},"GyZuE3gVXn7XbdMCkApQcL3K1a8U3EZHhP5b2yiy58g=":{"valueMac":{"type":"Buffer","data":"L5PhhiOOHDlDejjc+CGkiTdPk5kfgNJ0L7Lwc3c9IyM="}},"HAxGKJ6Yi4qIfrpebedLF9qloBniJ0K+XqDc5iaFsBM=":{"valueMac":{"type":"Buffer","data":"i6s59CmlfA0ZBCrJSNHpi5xCvid/78tqO2akTSGiyag="}},"HRJ/DOevSr0EKXeS+KoEs+nXQJDcg1JTn850moNpeVo=":{"valueMac":{"type":"Buffer","data":"6xqZpQa4zP9tqf5bth/QN/yUUVqbwJN2ZtTgL9nti58="}},"Hdmu9RU0dhQzb1R1aHok5ymG86KUELcNckCuGwsjXFo=":{"valueMac":{"type":"Buffer","data":"MGzyrM/Yi/s7/jBflThtYzKpLW9yXemO31kZGlUbMZQ="}},"Hd9bMyl0jNhxAIpA/gs9K8QH6n0yqvOesRmqn97NDNc=":{"valueMac":{"type":"Buffer","data":"eqOPx7uJfGJF+ouiZzWmyAqSmZuRPDDiRL+59KBj6cw="}},"HthpHTSQDXuBmLXGWrs3UawIVMOFLZLDjREFuk6wh58=":{"valueMac":{"type":"Buffer","data":"oggl2wChY5kW/gyRdnHXlmwM6WPxoMoqHUkz9VWDVcM="}},"H01g84GkVchYYjSZfjH0OK3BTgRmaLqyvXbukiGiFyc=":{"valueMac":{"type":"Buffer","data":"M2E6GrcStrMZRIpyb3B2U14qicvic2G2WN0UE02HaCw="}},"H2r2b4GS62IB8anoH/k5TnpEaqdA85FEYRBPg374QaQ=":{"valueMac":{"type":"Buffer","data":"neLqZk/AsE0jOR+7v0cjalbZu4CkY5Lrd6WXd2VtVeQ="}},"IoI7PfGGrJ9ozXJmb4YOvy8D/23JF+SZUFWWK4dnXjc=":{"valueMac":{"type":"Buffer","data":"Q1MpA1oHqgpQic3JJXtcDxD+O1YrY8eel6ExR0orJzc="}},"I0oElhf/65zriqtBdBFbLp8PrRpeG3ze1NQaqX0WNus=":{"valueMac":{"type":"Buffer","data":"0qvQHjZ3b6sNkYtrkUmRD9xV0uMDMn51NtQ3jg7Xl+4="}},"JNeqDaSFifmCFRkpCjgZ7gSP36V3xNgopDRUaLRclmo=":{"valueMac":{"type":"Buffer","data":"t6oiiMKLwVoDZREnE5y+Zg2udS6/i80G0iiHKmJRM5Q="}},"JOxpRVwUFwOtISA8tYBF1rJaF8pxcNaS4Cjmhe0Pm+A=":{"valueMac":{"type":"Buffer","data":"2krPTdXFqC5/3HrZ9ysw+0a6kRXhTgfWfkX+veXosss="}},"JbDsUBJXJGp1HyqKTckufk3fiS4DkXbmzpf8F/tUukI=":{"valueMac":{"type":"Buffer","data":"FDJwIpIsS3X5PEedy0cTC/RaH4Rt72W15nZtnNtSqTE="}},"JrDN7exCPzEJaBS9wWYOESXe7gcHqHLZS4blEJ7ejlM=":{"valueMac":{"type":"Buffer","data":"zPFeilpygqjbhDD7F7HKg9eYOZwbID5jaop6t3B6Jyk="}},"JteKUSWAXi2Quj1SWauGa5sTq+dDcHaCVgevhBwKRZ4=":{"valueMac":{"type":"Buffer","data":"k5iZWeGdzst3SxrlWlLV8cij54UElqBebaoYz8Rjf5w="}},"JyU1QaUmDg1FjnGMxkuddPaG0F+7saab05xP90eL4Eo=":{"valueMac":{"type":"Buffer","data":"jTtGklX74xAP53Wh4AGc4Ezivj8izYs6io+CGviYNv4="}},"KMPxswrqz5Ftwi3va5eFuC3rs6xH1wsv2eIhtNo8rW8=":{"valueMac":{"type":"Buffer","data":"xwbNmynXGG4VZKb4Jn3vUkPlKQ+w8nm+d7xUlqQWfvw="}},"KUeOGNRphmGdSFXTuNckAqag9Jr/0aFB8NOCn0adC3E=":{"valueMac":{"type":"Buffer","data":"69+HFxmwqtSoE45MVe2B8WN1JXg2P+NI12g9N9UTT00="}},"KYtKnb3JsUSeWhIjbbwAGsUR4xaZ+bCUCveWVYXb0AY=":{"valueMac":{"type":"Buffer","data":"oaa1DTi35YoSB9Oow8VCxIMCNZSxsGNZC95xi7tcGzU="}},"Ki3LQcgj2s5430jh2rAoLKqQzXyI4TiDHjKfi0BIWZ8=":{"valueMac":{"type":"Buffer","data":"totb7kn8Fpe2QNC/vGd3mqwjJSY7hWC/COA9ENMfWWg="}},"KqVtkUP9LUWwAlfNgaLbnBmSmCK83M/S3TIM7bQa+Mo=":{"valueMac":{"type":"Buffer","data":"Cqo/njEElvObhCHRbuw4LTRScQlDb/VcupZWOyeSlsk="}},"Kqj+TqO0IegYK9gm/OqYLUpWpHtkPGWMA3qAS0IE/1w=":{"valueMac":{"type":"Buffer","data":"8mkQxBLfaNzz+EousuDwZoatIh0Vd4SJx5UAGTBVf/s="}},"LC6EE4/mbpFYSTRdo8v0ID/aT0iBIPVsPAmmCTVSsFU=":{"valueMac":{"type":"Buffer","data":"x1sdz5jK35KU3JejnSxc1dVvKnhQG556NoA/c9KnQ5w="}},"LW8U+cV90SkkeKqNiJ2mM3Oq6C3R/5pjKhWG+iOdxQQ=":{"valueMac":{"type":"Buffer","data":"XufcPe/V8R4sRIzaRLPnk+95pFRBQBatsKGkuFUFjwc="}},"LcehhHTQa3FGhqQC50D47vZTNeEUPAEhYXSPbcRuC8U=":{"valueMac":{"type":"Buffer","data":"F2uHSEA3ZoVz2pVxnobt5BJVnyvnxKLzjtUKbyRbgt8="}},"LksEyGNd/HOnk+bkCEf0H9I056Qn6R2Q8THgQQCMcI8=":{"valueMac":{"type":"Buffer","data":"J7Xe8DjXOV1ktDiidI+/CYFBLTuioWOLjxqUdCrt6yQ="}},"LrFCtGNIIfXojyfUv6ZTmI0mLYg+NlKZpKkuw7o+wYA=":{"valueMac":{"type":"Buffer","data":"ltWfahYYzB9aGAXUgI41Cp2p6CyxEoKzNpnSl1wpSHw="}},"MGTHKG1oZev8lToZqlHTxQSz1tvSKEEbv+OpL26rt8k=":{"valueMac":{"type":"Buffer","data":"esd25rF/885BkCv4zmP2A0LC7rOr1wvuatissN8hQCs="}},"MH+LV6rZ9Rhyx3PDeeF+ugoSxJ9kmZ/tMEzOY0tlDlM=":{"valueMac":{"type":"Buffer","data":"Dc4TzHd8gZOIl4cWIyhqIveUlQJORAOoN0NFNmXIC7E="}},"MdOha+aboCWkNXJoWeHg38q3EfrmKTw5PAcUS09MAks=":{"valueMac":{"type":"Buffer","data":"GqG0xPImkxaHWgbIMu4WJ28bE+zp4rjD0HlRIHPUW9I="}},"MqjD7aGeJ8oJHXVCMjGHuplTJxxno152rLqOmrexUJo=":{"valueMac":{"type":"Buffer","data":"qa8PtMpJX6oaO2pY6RJM7NGDZ9gkJy60i3q/YGQi/HM="}},"MrOK8Iwhq+qSL89YiG5dCFFdbox2NjmKeJiIcLqn0Ww=":{"valueMac":{"type":"Buffer","data":"HHEF2iSQ42FaJ3GPp16mylnWjqPl2Fv1kn4PepOaBNw="}},"NLLqGef1YWqwOGdtjKWXW/7wiM6DL12U998LBiEirtc=":{"valueMac":{"type":"Buffer","data":"yKzwI6h3hdRn59ngHOAEvGZmQ4+rB8nBaGBYiQpEpho="}},"NP7p7FNAT+liApY1+qpMy38t9FP3fKZVxgvoQWT0WXM=":{"valueMac":{"type":"Buffer","data":"N9LNXARse8cZgww2Yc03E6t9yAnJ/ghBlOymlbyU3dI="}},"NVhRvc4R1pY+kNPLmNZ4FzrEbYTcZolW/R6xse+/lk8=":{"valueMac":{"type":"Buffer","data":"Lf3ekVtQTNuPElr6CKY6VmDMsymli/c8IHcL4NEd4Sw="}},"NYZaY7tyDhlGXRK9EJqP3RkZXB/LP/mFJZAMndvZ83s=":{"valueMac":{"type":"Buffer","data":"8YJoggpZEyKz4b4n0wO2m2StQukCPKj6QCWkTf4y9w8="}},"NYzV5NQvc7AcnkBbYr/y9TCaDKpQymZq4wnvuYMwTE4=":{"valueMac":{"type":"Buffer","data":"+KLjtFcKIST1jb3qHgRqR8ZpeEFMDYSSShFfHp6nUq0="}},"NzcbQahf7+WLOC0oqJ72RkaU1VJ1Ne6kuSBBdXZGV/I=":{"valueMac":{"type":"Buffer","data":"CTMbvzDCcahIo4jr/JYbDD+QTvHJboNY+b8a+Q/3HHg="}},"N1KItGdazRMi1ykl5dFFlawaL9zL2gS5zkBxH9QAaSs=":{"valueMac":{"type":"Buffer","data":"5HDwIcV5AQYNSmj3OtQeds+g2N3VZhvXqHbmE/7SLms="}},"N4nwEpRnSjgtboVj0+EfS/s/+yxhoqFU373wt5Hm0PA=":{"valueMac":{"type":"Buffer","data":"AsEc1HNlJw1Fhx8NpAwVlgX+lDvd1dRmi/78RznnyrA="}},"N8zJw22sAlv/J7QkRieGeNrxVV0EmB6KZgBoGEH2jJQ=":{"valueMac":{"type":"Buffer","data":"zQqVmFz2gbfJ1BHNZ4rWucAl0IVzl6tpSbDc/z1BH5w="}},"OHJkwaFsYnW7b++GaBReWIXJcOA0kH2UPROHj1qwqzU=":{"valueMac":{"type":"Buffer","data":"ZdcZiTiy0aULDLnADvmKyQcgu2s79Mrh/iy7u1mVMqA="}},"OMopdrfPYYyT8cw5b7h7J2WMQkJhzGUCn+VZJaBPE48=":{"valueMac":{"type":"Buffer","data":"R8UGAZHTO6caM7/8u2piMnJE2xD6xhW5prY/+SKW5X0="}},"Oa82DdBW0YXrOzt06XmK6AJ6ZzQVSe3hyvnDjDT3WF4=":{"valueMac":{"type":"Buffer","data":"HyvOfLyIFSpqK7A6nrr6nHiRiuOMKMS/a6h0HKUl/j0="}},"Oc/eGht5uWrSsoLFloipcfKuMNP/95yKpyAOqRiNVms=":{"valueMac":{"type":"Buffer","data":"WnWZFmVAw4rX2hOQ+wYcqWxsKevCpl9rtx1D/FoFbTM="}},"OgmI8nJwc5NBDBQ/YkoHAR0jAbAxvoLuzGpVDJpLIcY=":{"valueMac":{"type":"Buffer","data":"4k77BzvyF/oO72CRD+Aj08JZWe8LKuesnND9e5uTlP0="}},"Ojgiw6w08LZp4RF/Wfo8gItuuHPJue3E17fHjOy+SyI=":{"valueMac":{"type":"Buffer","data":"cUWScng35jtQ4lXFgdXVu8JoNZ36VCtbcCYTc1zbWwM="}},"OoEGlrzK1waNwnL4oEyICBYDwM1szdQRA2mDNnjQFiA=":{"valueMac":{"type":"Buffer","data":"g1QQHUOkPm+JM3xNhj6xx5KaqEqPzcvx2pqmmVLvRqY="}},"OpMSixhOztAZkyKCty50iEcMu4WF2pS7WOEhM4EQ+UQ=":{"valueMac":{"type":"Buffer","data":"H51pDNtevFd54XccsQGus1DY+Ojr0jCVyxUM713pxVQ="}},"Ovu2m39MiA8pJG34KkLUETO5wpCq0AZSg5j7z+yhEbE=":{"valueMac":{"type":"Buffer","data":"f0wHhu1sJjev7jGi4ku8OqREsn9Wu2TuhilTT4yT/xA="}},"O2tdJvgQi9YRol4DBXdAeVXfZMP229jaCkVjQNwntTI=":{"valueMac":{"type":"Buffer","data":"U20qq0AX/6AAeZk7f0sEOORp3BrtG2CTNxKj4XIIKsI="}},"O9AXhnYiXm4RRm6N+sidHRhaQIJ82w6Ftgz+UZoAXm0=":{"valueMac":{"type":"Buffer","data":"IqPcSM2QvNwCDClg2FZ1/ZHYsBUQWiEp7tl/EwYryv8="}},"O9ZKJTjzpHOol1gtXooT1dCkEEw8W0TJA2rBZ6WWhzM=":{"valueMac":{"type":"Buffer","data":"cqirD9DCPwy20/DNpd9IJ3trx0hFY7wIewi+/9IzMnQ="}},"QOqFM1Pywpr+wH0cEAItjh1hr8B2nXtFRW8U2TcIMAQ=":{"valueMac":{"type":"Buffer","data":"RBBziauD2JX/TVW0JvDOh+GrK9enlH065ReCE0rnrJ8="}},"QOtqp7a8eNDOVUs/zlKKwDhNDu9LzCVN/6kV/+9l+sw=":{"valueMac":{"type":"Buffer","data":"i7sPqI2OQdJ2heDTkZi5ytR7Bu+aA0FYXeFcLuskCA4="}},"QR9Zcjcgho8if/XqY0YDR0B87E473D3wFQ89FUXLthk=":{"valueMac":{"type":"Buffer","data":"gRZQr/oCCrbqJsjAAacwkqAfLIxjgjLA5/XdytpccA8="}},"QUCWLts0SgHWGgDmW84efOtgAJ22W1R6OxtyAaiLCjY=":{"valueMac":{"type":"Buffer","data":"WnUW1AgK85rFUIoIGhpXeAmpr+Q9M1u12qlIX/RMgdU="}},"Qb9/W/TAuczp6xHCaMYWi2Ji2lLdHnhvqK0V1Cd8/U4=":{"valueMac":{"type":"Buffer","data":"mdoKipWvptyyZc87TT3qoDu9K+AHT+RPAwDFJQbmFkg="}},"QcYDIOc6WWCfMMZfxIpEDhsAZcPXjeEggzHM/bybz4E=":{"valueMac":{"type":"Buffer","data":"FChnhfeUrCfsA8DUgpZ6tbI3HPBzijt+rWH6Ogh+pgA="}},"Qnq+YAvaHt4GLhOfHmeNClEzR9BNh/1+rnPaWobWnMA=":{"valueMac":{"type":"Buffer","data":"I/oPkioRI1TycMghbzuy3lQptuLvydLhvuaJJA1LP8M="}},"Q1fyICmjGcxhMTVP/FZJ9P57ICC/s3eTWCJZinFYsiY=":{"valueMac":{"type":"Buffer","data":"8Tx2Y0erDpV8QX6GwoM9YaJ/ThrH0bWpH/HyT22Er2c="}},"Q8eyuU5YVhlRkZl9yJav3mZ7qL8Q6IGsiZg+qg4ev7w=":{"valueMac":{"type":"Buffer","data":"fSSloPry49QPvvpgxh3dL6f3YslhGD1rFn+/yWpQFyI="}},"RP2jhf7tQyidSKg5PPowWjpP/U13Ah7ueTruqGZ3QUg=":{"valueMac":{"type":"Buffer","data":"AozmN3YeBLEf3kqcsy3m6nu7tl3m1KnoLjivzGHAFM8="}},"RQGroukc0gYBvEoBxDfanYbB3HHTieHlediWuNp20zM=":{"valueMac":{"type":"Buffer","data":"tQhj6iN5QeqE2AS8lO8TkEKkTEtHPUH33CunBuYLlu0="}},"RRhKO+hsonwHrB0t+HsP7KTljMup3pF0NkIZvLlfkMo=":{"valueMac":{"type":"Buffer","data":"s/uXny05fyHjJx3x5yaRm74KYW/QV2ToUmWBAX/sRM0="}},"RVqeWqK5C9mvnMjkecyC/TS5DX5zkQj/tvm1rpQswPM=":{"valueMac":{"type":"Buffer","data":"/EtAGsIzjYDIGSAO1BWF/OzjdsKP+8wcQiyDktYbJLo="}},"RbV8T6ocT7MJ1RrIJfj/g7vyLG0soQRs1+lDNwkCmgc=":{"valueMac":{"type":"Buffer","data":"dGhqNtLTd8U6uNJvX4fbjpnclT6g92rVZCSzBOp06Dc="}},"Rj5MRCSldb0C1XDw1YzDjYf8YlCjNPPBdUajB5LTziM=":{"valueMac":{"type":"Buffer","data":"DE+p3z0VTZa2MiP1EO/asfw6MUm1pkKH/gtjpqm0er8="}},"RyGX4nUPd3sVBlyUbadkp2RVMY/I92St4kLPlN3uCvE=":{"valueMac":{"type":"Buffer","data":"7qrZwT47e/KeonC3ryvH0p/lWAfulQHabNrk/6ufenQ="}},"RzPuZ8ciXpzW/blBmu8JEa/Yu41zIzj3vsQ0ZUkbzFQ=":{"valueMac":{"type":"Buffer","data":"HgC2ARCI8S9wHZEsz2fr5HL4RSFK7TPDIukqnmyZRNs="}},"R1xdYgRJdXhMwiGwSER/tjP2DNupxyvF33QTTjrW1qU=":{"valueMac":{"type":"Buffer","data":"Xz5+XKii2Xoe2MZ8YFPLNu+ga7EBslKz7RjfYX2R4bA="}},"R+Bj5tScdqssZjEtm9Y+OthuK/Mwna9QPrnBgzksIcs=":{"valueMac":{"type":"Buffer","data":"hp/aug+aaMfyW6WRUIqRV0vbb+c5c34QIdeBv7rVqX8="}},"SSpp59AMCHIpKjzFgQRa3AuR4y2FO45JuupyEretGEA=":{"valueMac":{"type":"Buffer","data":"TZsXkBeX7k9AhHpdkQIaFtJgw4+8ccgKz30xSJ+JH38="}},"STctd7IzdLjlJJuyQ7lmcMqSJqfbfHBZQvk+dC1hucI=":{"valueMac":{"type":"Buffer","data":"v7rpYRy2i4jpKB1KGCxj6ifufS/6KmajEhtKp9QaqkU="}},"Sgu5WKsPaSpQWU7AasMlt1zDn8YN/F7As97EM3AXFFk=":{"valueMac":{"type":"Buffer","data":"8j4XU1jwJAPJbFSun4NguGnJ2zPXKbPEkXTOuP5DbDc="}},"SpejJcgyCosgtMvKYm32Ce8EeqelfH2HBn7TRlXqb3E=":{"valueMac":{"type":"Buffer","data":"f5FCHRjowfch+W0eBYrKwuq27jivC55Pdb0TaJ6o8a8="}},"SuxQLK6I0kfEZPqqewD/qKyah/uyowE+a4p81/duo3Q=":{"valueMac":{"type":"Buffer","data":"capobHn8r2Zi615UevQg5lLpZwFuTriEi+jejbgPGSs="}},"S/J4Zj/SSem/M1ky1Cosnl5h6NUqp0+7WtGcKH8pnyU=":{"valueMac":{"type":"Buffer","data":"kxedO5JdEOwntdysCiTkkwoqx7/SUXZQLEzeqmmEU7o="}},"TDM0UjhMOgVKRQnZJvnXa63BPgsBMt95AvpUgcZuduU=":{"valueMac":{"type":"Buffer","data":"Mgqqph8mUPBfQFZe0YJMfBvHSLOerqPr75EcE1wEyYY="}},"TMledDz6O9SyjSgKnkaySSKksPbyvdZCP7t2h28iMDc=":{"valueMac":{"type":"Buffer","data":"RgWJAd6SKgKQUdSmpgKMHDSPGZz3TYr2fjW1kNzg9EI="}},"TV5FViEeinXCFwkqFhY7JC7UxeMH07QCufiZsL6UxSU=":{"valueMac":{"type":"Buffer","data":"ZkaJF8uqQybXq1jaehdlahrwGfFj85bYvLygPVXhmSY="}},"TxbEETcHBWnxQ8rpaCSPnzTdNacsFPoltdQciNdUc7A=":{"valueMac":{"type":"Buffer","data":"l8txl2GNRBKnxo/i/CGWKrI9lmbSADrf7Xrp5YEdKR4="}},"TyosTgPFVNQtpSG2D2RfGSeeixX1CikpxsYNYaqOEYM=":{"valueMac":{"type":"Buffer","data":"E6gQ11B3zNRMN5oBvK0wSKt3assQK2ZJ4YYvNSc8hYI="}},"T0cDHETcaivDYALTD1KsxzCvyNWdnEMP5qXyA5UR46c=":{"valueMac":{"type":"Buffer","data":"1lohTB/7SU3/ZCFMUrZVKYI5VzD6cPc51pCohVVvNTE="}},"UGvvHHSje2FmILUAhz8yJRYpzWYDff4pn+TtAMvFdyI=":{"valueMac":{"type":"Buffer","data":"sm7+tlH4IVXHk/+H5473Ae1SH24DBiFgP1CC1xWpI6Q="}},"USd2dr7uM5R4mmbvvQ2b/RGMyjslA46Ziru7j6QWV58=":{"valueMac":{"type":"Buffer","data":"pY+Lb2rwpR4sCcu0ZKSf4PkN+i40NZlRA1yRXZWm5Eg="}},"UXWOSG95KHvkluU43orr0v0Nnp+TdrQV5/jv9jJMWew=":{"valueMac":{"type":"Buffer","data":"Ae4PT/FUQnrhtG77CZ27By1nqyynY/GNZ0PZUVjYhsc="}},"UZJJyD4+wnrE6s12Ix/bBOqgkGunX9KTGD9Q7srerYg=":{"valueMac":{"type":"Buffer","data":"V/Cso2SgF1zKFZA1aCRSaUD6GvBAHhrEMMhgA/3jGzU="}},"UZ0nNn11h2vJRlYbm1KgckhNpBoSCPy3ornry4VZBEE=":{"valueMac":{"type":"Buffer","data":"yVbAZnkBOz3pa/zsvFiDN2V1m9YMWzofcgLzb3ADmTY="}},"UbAS+O13uQAC6zbo4TQDVamrJPgvrlWh1dUW4RyziZ8=":{"valueMac":{"type":"Buffer","data":"aLEbWwSWDosemS4MfdW3QT2HNVBfYcwJBJc0a/ZIxLA="}},"UiFFWuybNP929InoDffgFX8gogoBs75BpVAi/sZSork=":{"valueMac":{"type":"Buffer","data":"Prxo9fIh9UM2qp2EKqr+R1MXe4VsRJSA4jL7f/QYb68="}},"UmzKqssDK1kOWAmMjsAlfdGMFIKchntGRcw6Z8f99KU=":{"valueMac":{"type":"Buffer","data":"90S6rPpUbjrrOd5WaguMxfar/tDekCzIATiF5H96ayg="}},"Uz5T8wb45aY8X+i5o7jo0qwP+8Seqy1stwv5B3S1rjU=":{"valueMac":{"type":"Buffer","data":"WGTRSyDna/y4whpl3l2HvqdCblmfdKDkYYzKlChrYxk="}},"U6xru9oytgSv8dSMVxKo1A69sflCBGZE+nZFcWDb/b0=":{"valueMac":{"type":"Buffer","data":"HiW9qW0V7wxFoi2eoH2qSO0M6aPP5ED8l2+0UQif/2I="}},"VWa5jOfghbnMARadQmsMLATW5x7BihtRSY2+HlwdV4k=":{"valueMac":{"type":"Buffer","data":"6VuAm7b/gywoyU8zJ/u9RfZky7k7kJedCOKRs1vwaz8="}},"VW82UCbUAdcUnnRO2Fl5KTQMsSTgSpx75umuEUJdouo=":{"valueMac":{"type":"Buffer","data":"JhbD8D//s4snHo82n4atabMljokvmZq+dm88evN4vPk="}},"WDK6greL+p207iqze/MrW3IOL9ucX5l0EJoTpobZUfo=":{"valueMac":{"type":"Buffer","data":"VdaNEaECe4Gtqx4UNiSEmR8BuRkiMQbCv6FPdohGE/E="}},"WEYk/SCasqfQEbYohlUu4DrwpCmQmOfUfazT9UzGevI=":{"valueMac":{"type":"Buffer","data":"j+XU8ZIfAIJOkc1DAj67x/mIIQr1lmbHJvdZ2FgIZqQ="}},"WLphY6ZqcnrxOMwk9Dhc70p+5lj1jWCu//7W3QX6H4Q=":{"valueMac":{"type":"Buffer","data":"I998Ovt3w+bSUmEI6DOWK0aTZIFaZjkh0zwKZo/ZC3Q="}},"WYoyecCPs0FFzkSnWnjjfI5yZANUIeEViYGet64lr/A=":{"valueMac":{"type":"Buffer","data":"jjLFJn9Enl6Im76q5vxggZ97qcGKo+fBceuQ0Xei/nc="}},"Wg1UKWchPIETOh1PnKU3fgSne8WaFoi7X91TGvdI8Y8=":{"valueMac":{"type":"Buffer","data":"4jcivmjkjykz7bw1pm/mdljH0pT148gcUpuNu5MTqBg="}},"W42/rU+TxxXRO4AA6y9/e8pnXw4WcCO/XT54+RoVOaQ=":{"valueMac":{"type":"Buffer","data":"n6JtMmwtgCnHnlRnwoA9YpiGRV8YDZa6PmeOS2DcC9c="}},"W54jt0SRpTw0qn5DloR4FvFXTCuGCtN0mwAyEMS4d60=":{"valueMac":{"type":"Buffer","data":"8IrXju6me6kUKZUdz5cHafVflO+gaFjcAPRaGCYfmoc="}},"W772IE7zZKJvsDnLveCH+7uIS1mHbFjIkSoGzSOty6Y=":{"valueMac":{"type":"Buffer","data":"Ksl0270f8B3TqcVV8HdHouMRkhyXCKa8IcpE5otC/+c="}},"XCnbWpzTKcW9zNkMgMQsOjjtLiR75kCY+0S4cCcTDyk=":{"valueMac":{"type":"Buffer","data":"DH07n+kqsTsYMVMD5oJoh+P6U6211WG6xsyiL3kIB5Y="}},"XQZd3BZAzNxLSQVaUkmzWOzVlNIsF/mRG9F7t5lz4os=":{"valueMac":{"type":"Buffer","data":"UjJ52mFkIvS/mQiKOwrYvPT2EsIpvkQ8brAjT84Dl8U="}},"XTUNXzu7naIseazx8NIpyVC4ItTh7tAx6bGcJRXV2kA=":{"valueMac":{"type":"Buffer","data":"aWv15Eh9jP4WA7jLAxQN3OE2Xs+LxX+11Za/wfT1bIo="}},"XW2z4ym4malcZD45x5MqZqcD7ZBdw4W5jqodN0jtjI8=":{"valueMac":{"type":"Buffer","data":"HNN550WQ/Y2reM+ht5hUkBwz/4Em/8+CW7K7EdUD4a4="}},"XnTNSPc/O77vK1LJCjIvTxYtSItKwAAqSzkCZRH5aJo=":{"valueMac":{"type":"Buffer","data":"hw4zoWmqPBSQZ7dYdga6mBOBBYun1lAKaoxftgOqqEo="}},"XujfIrh55NxNA5Y/8n+RaafDjKOBJr9v403re4n54u8=":{"valueMac":{"type":"Buffer","data":"jzv9MiU9q7dc0rjdNnVWpSo7I/dG+Wq645Q0LBvz3f8="}},"X76PmnsW06DuqWxT5Aqg1N9jvd1ofyXv1ScG7fLXOAE=":{"valueMac":{"type":"Buffer","data":"ISnmGXPaGlWjm9DsRfM6kr6EZJoddoBdmAgh9UUvXKA="}},"X+I7p+Ox8+gmbgP30z0rRIXKZeOK1mk61getg8tmOPU=":{"valueMac":{"type":"Buffer","data":"srfrfJDyOyKgwumdMc5+o07U8XWhdoTHHNp0XzuY1kA="}},"YFhf+C5/l7v7GqYvhoj06P8xNcdc48xnFaRkAn/o4ew=":{"valueMac":{"type":"Buffer","data":"/M9SV18ImEyCPFYhWS0xZsaZKjRF8DlirU//M9GuuwM="}},"YXKRw62+d7++3GXXL7meuQoj5GYAZCZe4GzUEURiCqE=":{"valueMac":{"type":"Buffer","data":"CpyOT16rcWbzfEPjaRZrSPPgIttwHQeu30lS6G0VkSg="}},"Yi2LETAx8YcEpcBZTTcjqjXrqu0bBgFB2/w6VKj/9zU=":{"valueMac":{"type":"Buffer","data":"KmZWscL7G7k5X8svQV8gzPrrjrxjaoKj+mKW2vAXWmo="}},"YlqkJcvG4vGo6VdgXyXIvr/hcJfG+JLjXnBhNc7xoYE=":{"valueMac":{"type":"Buffer","data":"L+1UuxAHJ44qwOMCAIY/sVyTyt/oHIcKGt3XwuDrKvY="}},"Y0TB020z3JEw7Drsxfjb+HDKw9XNukStkMryO8A+doA=":{"valueMac":{"type":"Buffer","data":"K7txB3oCm8R6d1UYv6knQdAoHFsrcb8WuNi+FEkySb0="}},"Y/0mes7vd9Mc77N81Zv2Cwu8+l5GiyfFSgqKJb3Oa1g=":{"valueMac":{"type":"Buffer","data":"jIzAJnpiHnBRA40Sttj0xwjulzlVLVPYXM6WYeZIwTc="}},"ZAukd2imadwH49p2QsRLUN1OaZh33LJq6bve+Iqf4z0=":{"valueMac":{"type":"Buffer","data":"JyqHd2zufqHMU5hiSzxBLhLIOV8JYqa4CgB0kUoi6M4="}},"ZA8WOlbaDqTm4mxMCugvtourrxvyWBmt40iW+cssG20=":{"valueMac":{"type":"Buffer","data":"a99IWK55oXACwA/B0p6yo80emRtXmfVE3FlkrgKbbG4="}},"ZM56D84gqlN+IZr/OxNuLZtAJwAhos/n5THQSHjTjZQ=":{"valueMac":{"type":"Buffer","data":"57YfsdP0IU3mwJ4px09PATwfZruw6aAkIhPEO+jahuQ="}},"ZNQpJFrHCcT4yPFRYL2SnVASNgi0cW5HPbH9SjU9SmI=":{"valueMac":{"type":"Buffer","data":"/Rg5KO7st9BJVYzB2IzlJ42pbwzCm0lrGm1pLDb+r1o="}},"ZN77NLMKAWLnJmCDuCSA5pkDnoB5kX4/XH+8cuqp7AY=":{"valueMac":{"type":"Buffer","data":"zs9HmKDHIeAxGIsgIoHo03pRa/J5JhX7Sik4NhLf96k="}},"ZflREcGMtPGm06w9/2H+U22OqnORVCJhwRwvpTPHG3c=":{"valueMac":{"type":"Buffer","data":"Ilyty4sSSMxg4NkgbntqY9rhP6w3IniO5dLkqGxVL54="}},"ZkfTT9z9d+acZfEFuD60T3Mw6ZjZcAwnS3zigKQISDk=":{"valueMac":{"type":"Buffer","data":"zdqU5BBgpH2vdgSIOAprFxu3FJfW0ic+m0Glm4qXU3I="}},"Zz544swvu5BTkN+1gsGv85U2C7Vm2ckX7iXkkN+CyrI=":{"valueMac":{"type":"Buffer","data":"QCRoPuUHrFq+YPHPMljbXYgbGFNMpeJTLAHPRKW8g+E="}},"Z3Ugy8DxGTbSq7jasDefcJGFm8ENNlSkiCauQbfzW8A=":{"valueMac":{"type":"Buffer","data":"JLDr8XPgUvS9gN3hOODS4pZklOLzVgTY7f/XqA8Nr48="}},"Z8kiogHaMytmSlTU6NDha4rNUcw8L96MFkKS+KvDlcg=":{"valueMac":{"type":"Buffer","data":"XvQSN2KpWzzTSdtEN3w8NUh1MO2pjUhbwufteWgJgKs="}},"aBCC30OlrVbA/xDKot32kqNjaRA4ZC2oz5unWYPlJwI=":{"valueMac":{"type":"Buffer","data":"20YUN94lRkz9nL97KJ8CT/yEfWHnKBfdT8ANzqlySb4="}},"aJ5rKClMZnSJkQ1VTT6UefdpT3JWIzubnDlPkt0dzC4=":{"valueMac":{"type":"Buffer","data":"mckgyfXu6iQDDx3qTSTyW/LyVHqh5b+zBNC5rNn/mbA="}},"aODqTIqLADfGNLmchf86atLjB2Ja1mfFi/OVxJ6Yi7g=":{"valueMac":{"type":"Buffer","data":"py4PGJk0E/LoGF4Ip/+H3Ns8D/XH3GdiHH6PHyAne6c="}},"aUk5szKoWj3K7HE9yZS6CsKzOU+9z2XTJ5+VP1UsNBQ=":{"valueMac":{"type":"Buffer","data":"tS2pgK/hjQaBl+PWYKiVKhZ9BT8AREUuzE43GzpBReg="}},"anelOE0QgubiJn1CLuAQSMrHozIquHEVWPK3ATP1bwo=":{"valueMac":{"type":"Buffer","data":"hROMyr3N7ELfMjbyB++v+q9wjxRQi0sWDVUrq3+oPwo="}},"astMYEsQ7OESbixk/F0TZW9jR4fPR8wCeuOXRvPoqyI=":{"valueMac":{"type":"Buffer","data":"U6R6XFCH95C/+Moqqt62wnd+CoLOTgAyE+jj9Q4FYZo="}},"a1xHezrH/qedttAwAfBm4vw2KKRR1Dqjk/Tfo1VesWc=":{"valueMac":{"type":"Buffer","data":"WgLvJLX+O5sSl4FB6V1+72oQZQFkxwm0SWCLhnwa7XM="}},"a3kqgmwA93BACujymBep9Eb/dOXtjcKK8v2iSI/ctvo=":{"valueMac":{"type":"Buffer","data":"lff6A8WF7YUkEIGAQtp/ZImjSll1I4B+FFP2R9RSmcU="}},"bYRltCNWPR9QI6FdrcmPz0L/q43hnqWa2ROKLm9+mH8=":{"valueMac":{"type":"Buffer","data":"oU9ib+jwj0yZI46Ryqnm2ciAJuRkzVtC2MpEPTEjWp8="}},"bfohhk2xox+moHwM7NnnTXvc9v3JiT+KoJyn1DGdMxw=":{"valueMac":{"type":"Buffer","data":"7vh50Uha3e0eMcvAcQWdOvLeKoZEchioc/4RsFOcGlY="}},"bmvRhgaMJwl3ed+vZmOS2Kng6xT+eyOm1Sgg7nlS3eA=":{"valueMac":{"type":"Buffer","data":"jGkmNl0ELV4pCBAZq+CioZnM91gwpE2a4hnYSOIOD78="}},"bsp4cT50I1C+dsftzVMY2WwfNHsVqoNUBJOyxUq61m8=":{"valueMac":{"type":"Buffer","data":"rMKt6vhk91Bf2i/EWpHOpHtcWQvW1R34K8mxLstl6IA="}},"bsu347Lh1MOpccGsbFwvFbQDjs9rxGOL1evnte+kckE=":{"valueMac":{"type":"Buffer","data":"6dDEwAi+ofQUG5p2h/qUv4eaKp8Ytz10k6GUwS+yPbk="}},"bxi79eq9bZB2ou4Jw1XjgsQ5AmMBWYzFjpcTP9lNNP8=":{"valueMac":{"type":"Buffer","data":"Za1LXXWtZiDq1K7AdjPKLyFtqZdGtwLJB6pxF8ZGRzk="}},"cLW293mPiWIZNPmRsnMcOFipKWy5/tN8ckLx7OmPw4U=":{"valueMac":{"type":"Buffer","data":"9Wp4Tg7uPeyOPuq54msjrsOXp61Bgb0Fi/TI8W3UxCg="}},"cNBkXwJZq/K4xgpy6KvjZ4ZiNaOUqrKTQ39HPuatx8I=":{"valueMac":{"type":"Buffer","data":"+zTQOeV64zpDgsPp96/EynIhkaG5Pap58LOrQD9xuuc="}},"cSUrFJZ5QQEvHHwT8sX0iQJh7ixY8ZjZJxiPZoouxhQ=":{"valueMac":{"type":"Buffer","data":"bi08XUNbB1rz+ZEH4R0YX6iNZUMTOYskYXT/YIgKRsI="}},"cUqQ5hepgbxcyX7RC5YmzQqr9TMVE1uLDebbzzrDeq8=":{"valueMac":{"type":"Buffer","data":"udeoi3iP+kNxSy/ZPzS21nJPWGXMMFOoIaXtPL6KYdE="}},"cwpj6klKuKpO+2uWrId36D+3YA3Z9UBEWxgmRzkXlmY=":{"valueMac":{"type":"Buffer","data":"XTW5DrDiKbhVHd2jILNZa5fY++3Ijj/yvnX4+8jw+RQ="}},"c3KWllmi+xNkBPTe4vxoBFdSdZsjIqcn4+sus7s0WMc=":{"valueMac":{"type":"Buffer","data":"A3MFEgehRVuzJ3yVYajADorGH3dt59pyGbEI4t7Rchc="}},"dO/69DnmYKVuhQsidlFmC9ICDNG9FiJSiqrGRwDqLPM=":{"valueMac":{"type":"Buffer","data":"YU82MuMfQ/7ZbABCR5+0+iyVVlwc9PfYZBPCl9dZ50U="}},"dSXSvRp2tEE3wgeIb6Good3/A5i1aUuZi6JMgdlSKhY=":{"valueMac":{"type":"Buffer","data":"pMiDaOZtVmheRKjBPxGBDQ/2m2/Ft3J5F5Uh7ROvT/4="}},"dZs0UcsIFTgRwR8Y3orVY676XDAb4FG1KSmbG1jLCRA=":{"valueMac":{"type":"Buffer","data":"36Kg6BuOVkLCqADN5Dadgcrp+ncJIdeyWFazcYz+QIY="}},"dnR5Q/AAQHzqWpY49gYunIKVBcOl52nQ7Eu8CV6lHhU=":{"valueMac":{"type":"Buffer","data":"YUByVLHdrReUliMAJYtNqpM1RN88GbKoaUOsf8RSwu4="}},"dvdhK3RV/awK5UkPoAkCLlXT+/6qeKFgtrVE3O94Dag=":{"valueMac":{"type":"Buffer","data":"tPBCoSZrV6d+EhZiKOWpxMPkF8dCrNObg9voFoukkdo="}},"d77RLHTchv/XQ66g3ZZnWN8vYXJQRxNI9PtxRhbSWMk=":{"valueMac":{"type":"Buffer","data":"YvBUuhc6S6UN1pPl/gtzcrAcCjBUsn7BcGWuuwrrO2w="}},"d/kkWbAqJgCAp1yzwdxkvMOsAIWk34UJrZODjMK2+CA=":{"valueMac":{"type":"Buffer","data":"vfapFkmWt/wAdFaOOMqNJDfeoRNBsV2nSsbDjHHUvMw="}},"eXRAYaKAVAJApU6YAi1NmyAmhosZu0CvR81dbXgN4yE=":{"valueMac":{"type":"Buffer","data":"3j3NHY6NmhmgORStpbe1G+DLB3wbk6ptMySs15gYSAM="}},"ed0hhgxqg3H/Nn7xPhnlw8N3l3aEWnVZCLhzmU0cmBw=":{"valueMac":{"type":"Buffer","data":"N5fjl6lfBm2V6x31ZqtDLsh0l2nsKAcnd6H2l0Ul/sw="}},"eigo3Ij4jPLrMTjFMFgX9dlEMLs5ZjLyO0SJC7pnHf8=":{"valueMac":{"type":"Buffer","data":"EJ3Za2LJTgdludM+4j/pc1V5ydiXVAv/sxVuRnWO7Gc="}},"ex2aN7HhqJw3Tmw+fJE+4wnb659mzWRzM5HSOSmquA8=":{"valueMac":{"type":"Buffer","data":"H48ngjWsy9KU8Am9oepug7mj5h6t3oaYsljmvejrz2A="}},"fEmYCFLv0WG8uVtyQyqoZOj5cFQq3yI0jOgZ0KOYfv0=":{"valueMac":{"type":"Buffer","data":"WaGyuccnB0qHJonWPU+THA8TP5ws6ms85UbyT2nu3zM="}},"fHLyjKHSCwa9j8DLyGBpF2q/kMZv6dK7K+rDrqoWc8E=":{"valueMac":{"type":"Buffer","data":"Sjeu1JD9XHQ9aSUDdDQfL5a43WSF7b8tdXnuOpCL648="}},"fiQxmc6x7wZe/hTkhFu5JNYlxVZrmKsO1Fe6wjFrmQY=":{"valueMac":{"type":"Buffer","data":"17h+ee0e2R5kSAEZgDFREXC9vgZdDLTmNgVLa6eE2U0="}},"fsUHrTHgTVWflYTLMPw5PkgOhBAQh7SH+HH+rTtS/cg=":{"valueMac":{"type":"Buffer","data":"KLE5dho73ip+woKDsRwlth6b6twMB8+tGL7NUDpPYNE="}},"gDkQeT5xrBHlDRuuKnMIDKIKvBqh8/tblNkuTWdA6c0=":{"valueMac":{"type":"Buffer","data":"5qg6rjDNolvoulqvUVR8WMlPO7C9y4f7zT9lLNmEfag="}},"gMqMbLPfQUsgocYiNhLdt3TnEfhl5Yqx/M9YoMUa05Y=":{"valueMac":{"type":"Buffer","data":"AkgWgF5rxXA0F/TBSO0iycS3JsW7DFU/ifZy9fsEqsc="}},"gQaMnzUh2fjd3TplzZaT5mGqWN72CZ9EPsUaVwmDRbc=":{"valueMac":{"type":"Buffer","data":"aGSIKFdbkmTaE50M6AXXM6u+FE/RtIJpMSbB8qKdfHM="}},"gc1rA5AGtVr/dvFd7kvaYuQT68V9LXfa+vYfQy8QHAY=":{"valueMac":{"type":"Buffer","data":"aEnWKAelGEgRu7KePYVcPkjvk41cdFWXQhXqK3BHH8A="}},"ggWM5Dmm5ufTk3QAQuRJiL61fWETkZfNYasFVpEl/7w=":{"valueMac":{"type":"Buffer","data":"XYMcXP2u9e97jbgncf0B9n6l2ESav1UUkoUAt38Ecic="}},"g14UFiE8ZpqlqUrkzjyFGSTtIl9HXjqeVpcpjlIGLy4=":{"valueMac":{"type":"Buffer","data":"qSpcZPJzBob6lksYLCs27sEHSwf/tsj8ctOl3mt4ed4="}},"g3nI6nZtdWGxskiS3pHVQd3POG3SDvy7b60N3a3DadY=":{"valueMac":{"type":"Buffer","data":"Bg++gUeerh8ibIG0XA8a7bSJrU0wFZaYskezRSe+DkA="}},"hCTyL7ohfnkfEBfQNvoWTchf5MBiO3OxRkg0+h1ujJ4=":{"valueMac":{"type":"Buffer","data":"dLmiAK+WYBIYfhQbEOCN6XSqcmsEoL2geSELoVUkCHY="}},"hDEbxl9tv1IdQN2iaW0SIveWNcHqTc/K9PaTV/Pr/Ks=":{"valueMac":{"type":"Buffer","data":"o5yHXxEWI2qL9KXRCE+IUmeOs9J4qQ6nNxKmnUZSMis="}},"hNW4vmw6D96bIh0XpXkqQW4/PFA/o2IO6Yf7zM/hFH8=":{"valueMac":{"type":"Buffer","data":"MfhzpZvZSI+f2rsF+OJePbPHyyTvsU5YWRZtBxab0fY="}},"hSkkYg2AQG+z3kr31xGybRqSiSBbRC7atL7oMf6O0rg=":{"valueMac":{"type":"Buffer","data":"2lmiz+MUISgdwBr9ImrHfhQ+rjxd7I9K0McJirnQ38s="}},"hUGkbXIJSyOsK+xmexNh7NqURoN0/4HbM+PiHdfl5oQ=":{"valueMac":{"type":"Buffer","data":"atlxIjQgnj/ZrHfYRgXfVifh31ttCLl4SPNRyhNHVGk="}},"hXu4ko+5faFnO7Tu6/nGXUyInF66bsfR2DTQ6J3MoM4=":{"valueMac":{"type":"Buffer","data":"dzDuiPPMXZYJoWP/HiJw6VXQIhfHe19vFVJ8TkTpX8o="}},"hZB62dx799wT6ZoG9p8PCJobfXG3q9Az99YLL88Ob5Y=":{"valueMac":{"type":"Buffer","data":"eoSCII+lvg4C417tr7XdsEMARTbTqb3PfcHYhsCqXX8="}},"hmkt1yBRVSDdo0C6dA9HVnO3PXrG4E7OfmAZh6odOaU=":{"valueMac":{"type":"Buffer","data":"v6lQ5QdYMQsDyAVdShoLTHmfXj4XqkR0KRukCdaEZf8="}},"hpobhdlKGmtJmBHJmdPJ96mA77n0sMzAmBHCBidddY4=":{"valueMac":{"type":"Buffer","data":"q2w+2l9ZTUDLQsoe5iaBWe8BwnnQCQf6vhHGa8kXQwM="}},"hyAZuVs5GEZMaMCrl6WWrVM80Mk/F5yAYUNVi0ByzIw=":{"valueMac":{"type":"Buffer","data":"JnMfEtEGPA2YC0bX3E4oVJKqJbmGkpU6ZHjvwpympRo="}},"h1GdlFcWzDbR9/7jkT/2hlrH6aGMDWRBc9NSlxyoKKw=":{"valueMac":{"type":"Buffer","data":"Ru5lFyv5oM8BvxpFJmFvquIMZuybVio/zk9og/JMtw0="}},"h+98JiNzCaVCVIYJvzzyNhvf0aXOo5+I1+rCIIZ1LvU=":{"valueMac":{"type":"Buffer","data":"2ZDe/UkwlNqjGNDAjQ4LWz119zDipjR154ibySODgQs="}},"iDoDkjvyhCn5tts4kY2zzvTJhXhd/PEg75O0wBIpi4w=":{"valueMac":{"type":"Buffer","data":"OM6x29ZertAaCMYsKsXRImKMqEWudxpwAEvHsODNLaU="}},"iE9aIBRvhXpGFFULyte5nz3FwwzBHEiLRq0e4YW90As=":{"valueMac":{"type":"Buffer","data":"TdgnVTgFqDcaNo+pTA1pz+zcoNzI6NxoTxD7TNCAFkQ="}},"iUUoqEmih3+ZrXhhJCHJCeqbsDX5e7Tf3xb3ptPlUJo=":{"valueMac":{"type":"Buffer","data":"W06Uh20LW3f9gXrOER3Q26eZ4dMqIOWZkhas8W05p+E="}},"ikyh9p/hErF/WLUJCk+Ft48RGmcrQfa4aryImARZuhE=":{"valueMac":{"type":"Buffer","data":"KO6rI/kFueNBD6FcpiE5GJLXFqZk+0R1oFqmz2zfQWk="}},"ivccqdr1u1hqBkeJE+9g6aEYJUiwciSUv62gtBxM/0s=":{"valueMac":{"type":"Buffer","data":"IIlub2ChJ6GUryaUSPjO41lQE94q2ShMI/jhqeLlaAA="}},"ixvQgvDb3xVYgqBWoR15JpVX7+lm6BiKobqhO3ylmpA=":{"valueMac":{"type":"Buffer","data":"fK+Kcgv6li3VPWi4GEOIRtMsFGNCQSv0ZLYgb/q2BcQ="}},"i18LKYXTOAqsWOEOddn3izyUe3A+ruJbcSyE9fQ0v0I=":{"valueMac":{"type":"Buffer","data":"ZydZ/6J/W4B2vUEad5Cnz/Y5FIKML2k/vIQuNCp4pNk="}},"jI+KNZfF+a3rbpKSHAhKVnrlw3xxnzTAS28p0YF9vSE=":{"valueMac":{"type":"Buffer","data":"uNjQZmpk9PcrB1ysoFF5fS67mUlvaEz6wpMtnS2Z56k="}},"jKUgQx6dsstVcT4Q17k4i2pva2QNDGwGhQL19z8O/xs=":{"valueMac":{"type":"Buffer","data":"aQIJ2zt4IfNg+cxYnzbXXAbP7MI6Yw/u6Nec2NncIN0="}},"jLkAMg+JLpkof4nDfCcyZ1sdXCElrdsJyagC8hYQCD8=":{"valueMac":{"type":"Buffer","data":"8BV0XjPScOqcGJgO6q+iud8f3LhUlt/S/vw4mRSrqrQ="}},"jPq2rBW8OpQIuPPcp1gupbjSZHc9etdT7T7GWT7vr9A=":{"valueMac":{"type":"Buffer","data":"3FDhJP1ovUfieuY7yRvgVr+vJqMoSxnaEq8nZdLowHE="}},"jZBrxx/EMOF9KJ+xzcMLM/BD9suR2c7X7SAfbkkWFGU=":{"valueMac":{"type":"Buffer","data":"fmfSYV3Yqq0rcPpM171ero/tB9FkxxpV0juFia6pUJ4="}},"jb0QhvtkxxMICPFubMz+ljsZWpRwzXWvYAc+GVSC34A=":{"valueMac":{"type":"Buffer","data":"MOqMIPkcIph7C1UozD0RTUqQQ3dtgzuUnvW2ZaU5hdk="}},"jedEoTkwkpLKNHkLUYWmCVAzXpiLCIf3HfXwuYUkvLY=":{"valueMac":{"type":"Buffer","data":"zxJt+H7slrhYP18LU/PtQ6gI8k3Kn2kZSXdt3JbWM4k="}},"j0wVTTGYp1mZTQ5BRLYwMDdvmNJdUdZMZjKhv4Y4HSU=":{"valueMac":{"type":"Buffer","data":"IWhB5aiuuai1y9gmLktz1gFHLEkIimswqdQmisecqbo="}},"j163iOplaJFlhoBNzQklrA1mBAOd0Sux5fHceI6JX40=":{"valueMac":{"type":"Buffer","data":"cB1sgNQabgmRpurJPtVEZiR9m3cPEela2cOAosNklio="}},"j8tc2ptWydH13JhxMJ2ZKM0GQP9/RNz7JmlJplaGqWA=":{"valueMac":{"type":"Buffer","data":"/sXWycZMs2JAdDsA+hond9i6xE+TWRRu2LpUh4LXl6s="}},"kBWtvcTJVqzdW1f0lYXE57KcLyaiCFMOcCzUfCmuvzk=":{"valueMac":{"type":"Buffer","data":"/TdtaO42biD40LQZpZSHbv1O8oBe9oY1aaod8NcuZuk="}},"kH2l3NwjnEC9KV1eQQFixg1YmTOSNzuJJigXNHAiK00=":{"valueMac":{"type":"Buffer","data":"dWsLP0puPT2mwK7VQh3FZBMFC9uvY8qxO2phYYUX6bY="}},"kJutIgOTc/zgYXyQGx/LNxtdy8nVKMEd/YVsQx/dk54=":{"valueMac":{"type":"Buffer","data":"2pvCsl5o0Jc4+6Ice7YuxtV/nQiF8FujqfKFOnxVfqY="}},"kNioUbw87hzYPaCOmycHBuT0Y9ezi/PoXKMdZHMlu5A=":{"valueMac":{"type":"Buffer","data":"EqIQYvvInC/EMFbcxYPVXfGaCdX7L74ZUPyeV1Caz34="}},"kOD3QKJafJWVgxPNa5LBi7dNfC5MOVLs+on1M56KMDk=":{"valueMac":{"type":"Buffer","data":"K4kpcrvKtTGFgwTxIejpBXiy5C2J4fzDLVt4ZhFspvM="}},"kYlVPjnRgPNLX5kznaAuZc3UBQyI2tEj0LxIPnA5yJk=":{"valueMac":{"type":"Buffer","data":"6MkwwPkWTKOlJ9HmarSpDrRX1FJb+M1QfZMjpXNrv0g="}},"kbgkqahhdR7NiMDjVjMmw1ejKOvG7pDfKszLW9Y/R7M=":{"valueMac":{"type":"Buffer","data":"W7K7F6esT2WcfKaFr+FB/H1JBhTULYQzAZhYyk8DTWw="}},"kmRiBCTItAElExLDynSkI+VtpqsG6H89xx9kN9JDi1A=":{"valueMac":{"type":"Buffer","data":"cjQE1WCv7+tZ89QNBncr9/7jcOqBLvEhgWnWCXT5x44="}},"knYOxtKdvrCL7cym2XAQQeZs+PGNeeqSySmqDUK7Ex8=":{"valueMac":{"type":"Buffer","data":"XxRtzySUgWv4c82xJBvc2NN0vvK/0uA28XE6UvlDpOE="}},"lCUhRhW7mQi4Dvx2bPJt+S/Yxs2Uptt7EmA8Az81vko=":{"valueMac":{"type":"Buffer","data":"PjI1bru5g6hqNnklNMrmtGQXqLUVwq3l86/8CmSwlzM="}},"lEcdOq+G8zNb+TyztrczUjGyxnIocorrRQm6IQirt+U=":{"valueMac":{"type":"Buffer","data":"Prabap+YxVt1rH06ZbeThwZgWn2XetNlyxE9piP/myE="}},"lWgaqmOxCAc97mO6wKb/6kM21E6psWoihPg/+5TAob4=":{"valueMac":{"type":"Buffer","data":"Fwyh45orVzJqhrYhOHjbuodkLmqNGazjzROFG31YBvY="}},"llMF0Jl1QalIR8mpDTtD118MSR72Uy8p5scLoHCU6wo=":{"valueMac":{"type":"Buffer","data":"EnAQHqPRpbf8WkdHgqqAqhTW5E+uHrj6Wa2a86nJesk="}},"lrWNnZvTZcj80bRfLgvaW8jyXn8zDyaitffcrPPlMBk=":{"valueMac":{"type":"Buffer","data":"B1ltGSuD8u3KQMC4UPdBorCy5ub7oR0urVF/fML2gzc="}},"luAnKJ4P0GPlyaNS8tHaarqAYubwHsjwSVPnj3cJUYM=":{"valueMac":{"type":"Buffer","data":"fEZWFbhJHbtRf5GA2u+Lt6/zsAJ4mF7yGK1RnNbeTGs="}},"luTrJu18sUYKrSuZykLGWjtoRDeXt6ddaE0Z45mTRE0=":{"valueMac":{"type":"Buffer","data":"cd1woZUfQM6AOt0JLSXbMHW5g8lpgeRPbXujIjrKCJo="}},"l4K1y0LxfgjsOlWoaQt3xGlnQOHANLIZxTXQQ+xycDg=":{"valueMac":{"type":"Buffer","data":"IcYswhxXQr7m6B4QHveZ+SpC+H1Op+XdJqUg1u2pvmc="}},"l6ZRUJwC6GcKEY6as437fx6w0QQO2FHh4vxRblyU3XE=":{"valueMac":{"type":"Buffer","data":"1P6XMLiZ8O/SPnE5Q6EljU1TD+Z3fLXJw1ttShIsTjg="}},"l8mBeMhUwnd8Q5Jo70QStUpDeY4XfY/Bi/5d85NDKM4=":{"valueMac":{"type":"Buffer","data":"O9yjdnpzsxW/Sqpe+OgUjs+j+XtBp4dkqL4Sz00tros="}},"mGSKe0UnWRsHz/CcET1+4OpgKnIFhYpW2Uzjm7m4QgE=":{"valueMac":{"type":"Buffer","data":"GGOYBSaM6CRMIc1uATtqY20f5Y5y60i/MqzIV32oA3k="}},"mLFqQBflSrpo7cpM3n6ikJZynreSx5XI5NoKeO3oCTI=":{"valueMac":{"type":"Buffer","data":"PVodyX6zwQGpchrWE7bM8tE3Q9Hrnhk6KMWceOfTFcU="}},"mN7NUjO5f3SMRWUPQJCkP95TMLFOrzkvhU8zZRQ+INU=":{"valueMac":{"type":"Buffer","data":"TSE0YPTx1T2u0RjhNH+ADkAr/SS3ubWmlHTPQtp+d9E="}},"mUh2mDLdXjOLTomIIvX1EjMA++YyCslNCE1g2/Co1QM=":{"valueMac":{"type":"Buffer","data":"mMOtb/kPvnAXXasFwsuLCehpiaDBUovYhI/6fb0qyAM="}},"mZBFx/qrBVyhhWO3EgrbpoOrKAGkWfXgaSVSfATonxE=":{"valueMac":{"type":"Buffer","data":"4E/PIsYJy/25uxNktUip/fFUa7fXzy4XqGxq0Rq9Des="}},"ma4lF/DQITPknpLoxjPhFi9/pb+QeWwIsYHvlFU6T6U=":{"valueMac":{"type":"Buffer","data":"NWrTnZxubWhxrx4QyuIfYX/BL0MHoPejanjA1B176eM="}},"nSmZUZ73wTrRbv9vfElN+trMBF5omdDD2M4bLkCjSfg=":{"valueMac":{"type":"Buffer","data":"m4DOouMugqaOtNIp4ESWy1zxz/EFXPwGCUPkuF2MVwY="}},"naH2v2yAlJrj1VCW0csp5RrzkLWl8ZCZkCWvAsj/pvs=":{"valueMac":{"type":"Buffer","data":"imUZerEKOgpj6nqABnkPYg5zU6c1i04vb1fpCP6F2Ag="}},"ncW1dWaXwshSnHJKJWqT+Y0AYfh05suEsrPRXo4Mh/o=":{"valueMac":{"type":"Buffer","data":"e4oWIiohZKSdWmodqi2XBqXb2aSuUQLkfKnxNz1zPqA="}},"nwiOLnRa32HQBnk5Pixmzhf4g/TcN/HLhC/EN9rkySw=":{"valueMac":{"type":"Buffer","data":"BJa+E+Y39/lbh7rM4c8XRrVaMAH4nPFfSD5jMgU+rOo="}},"n2yc5qM2UfgeuZh/3mA3/eM5BFP7yk7RCgBW8JXNH9U=":{"valueMac":{"type":"Buffer","data":"/YLdj9xkMs1kDau1K0EJNWIjHaDaKxuvdR2OV1U8WuA="}},"n/JVhsDejxRoIvQ33TD+MHs7ePIHt7Al1yS/dbabHEc=":{"valueMac":{"type":"Buffer","data":"AbibeNipCysUQ8DE3+QdpiMYuK1stI0wgjAMjDyGW3k="}},"oBBuWDbk2wtXyPGpkC69mKS8obfPBRNQbBU8kDEYpEI=":{"valueMac":{"type":"Buffer","data":"qWo9E3Kpniy8mpEbBm3kEVHgaUFjovyV6+BlqIPv3i4="}},"oOOEIV7HVFNAK2lc5ALK5sHY4pUjNfr9MosPPdyEtxY=":{"valueMac":{"type":"Buffer","data":"49STubVEF5HLbtk4uWGzYpnwgrfs2JknX3g5GTCoKoQ="}},"oQS3FzVgXY6nfhwhze9wwoMKV+OyeOho7FqYpqM+lQ4=":{"valueMac":{"type":"Buffer","data":"1HbnR+aILFITecNbug1tzko4nGjoTWbhT1+YUOAvuVA="}},"oRaJGVN2aejQ4oCQ87+0doD5bSpydoHoIImB7y0Gfs4=":{"valueMac":{"type":"Buffer","data":"Fo6eMUpk7rub/uITmWQQAG6Yw6v5AWWRkCuC2PKqhV0="}},"oWoqQ98xEtH4DGo9YvXVDHEFDxoWILdKnU48UIP75DM=":{"valueMac":{"type":"Buffer","data":"y6q2GOHgTlZfCm2AHvA9TX/i0cK9CDtsPzaNQlAUo2Q="}},"oYCTW15gvtlwWRVkg3X/qTlJHPNr7qIH0hhbIF6oWsA=":{"valueMac":{"type":"Buffer","data":"QRgcQZg8+0WOMvNc7YC5RKbFisgtw6hTTnf5e+odmHA="}},"ocTgwTKCyfeWmNhMVexd8iSTAYYFnGtrSg6ypl4BSE8=":{"valueMac":{"type":"Buffer","data":"LvByQJSuQzylln3fDDaQmvs5S5tFisRmFm5x1MX0iC0="}},"o1Ik7MNxz9bZ1e4g7y7q6ITZURNEd+OqHGG8HTomZZ8=":{"valueMac":{"type":"Buffer","data":"X1hM4OxNKE/E9XfomJAMTXWzNhtkrsQSy3mq4yggknU="}},"pGL8usw7mj4NtSc1pkpgzojocruNnY95sPI+gJd/Un0=":{"valueMac":{"type":"Buffer","data":"CMTaiHG348NWGK2A5LsxCFMN4WrCpIeM2dOf4yj3twg="}},"pQAhQ3XFeeClsDhbsG6maHDdcm1b30aMKSsyI1vOp+Y=":{"valueMac":{"type":"Buffer","data":"OwKVd3HBp5aB/qr76DatVihaHEZPVJj4kK8ANaN+BIU="}},"pfW3oZSPSkQz7JkkY6GFqD9a1A59L8XByL1Iecnh5ic=":{"valueMac":{"type":"Buffer","data":"vlj4LNatvYEyMlb2y+9MdTdYz19zeAaw7ECOR0H6OWo="}},"pgu7FJHWJ2oE6XAmAYepqW/tLlGT5SbEViXxhzt2e0Q=":{"valueMac":{"type":"Buffer","data":"icdhCpjljHEj3Xgcjv9K3OhX5eZaJ6F2kEPBPOV27eg="}},"pvU+bRCjXt4gxJZugC/kYKrCMa61hZQMc21NWIAnqwQ=":{"valueMac":{"type":"Buffer","data":"8g/9rFEaprz1arU8J+kj5ySPhlV3EpB4rucnyDEg8PQ="}},"p2jMJ2AyZdPDQLtDSXquEZkB6JTfEZFodXO/0F2oUnc=":{"valueMac":{"type":"Buffer","data":"Ref0lFpNFqF8ka/Vwhla4COPkWLLE9xOOjhbDAdk7/8="}},"p7z1mMCY40dKXGjY9jPyJ3XDYsJFHzeu/H1R+pBLLPU=":{"valueMac":{"type":"Buffer","data":"AMbiw0lx1ZbV5HBRu0fOwNqgf+pxWu6JVPw77qYTtUA="}},"qKdIwmiAYOfcYNfA/zC0Jph5qFnzN3me8RwIoeB4eMo=":{"valueMac":{"type":"Buffer","data":"GNJhiAYS/FrS6pRhrmI1OdxtFBgl4cpCX3Mw2QU5AHs="}},"qMxZLH5d1s4pt7Ttlg0sbfujfDyNJrEU+RSTQgexvi0=":{"valueMac":{"type":"Buffer","data":"hAwtl5YYRGflnzQ2HNONijIvZltaj0ooBLYLigbg1KY="}},"qYwuzCCdVxOA6z6wLpyRdBqjAuAoTFTcLr0SrmNtkbU=":{"valueMac":{"type":"Buffer","data":"3vH0nGW9GUfWrdshZEvTmu1h9XRJx//Uhp116imsCKU="}},"qeacb3qO8Abri6xU7/le8+AJV4+8/baNDu1qBCJMh08=":{"valueMac":{"type":"Buffer","data":"OmQUAK0kO0R5Jw3cCEzuN3f3yx9M1Af1aFlQWUZd6CM="}},"qq2QkcntyG2QnOKtcr/GU7P3PxJb+QNYfhgWyziAROM=":{"valueMac":{"type":"Buffer","data":"opVz29uwdJvZ7TPVgpPQIs6lTLncbO7PIEyZTfTdBzA="}},"qyFamNQU5T9QBdCxvGRv+8SLGxmm5FcZUA76DjQuPHk=":{"valueMac":{"type":"Buffer","data":"Qiy9FLBmDkkBtJGE0Te7LgMKo0xAI5ZZdOjFdDShVt0="}},"q690DBKRp4WzTrpDa3EcL0wG3dxDn9S4+Brx28YScK8=":{"valueMac":{"type":"Buffer","data":"e3d8SYaD/35vBveHnX1no6np+Jv9X/tJYRR2FREj2eg="}},"rIEVsdVb+mVaB/ewqBTmcY3alF+D2HhhBx5WDOr10HY=":{"valueMac":{"type":"Buffer","data":"b1vrGsKefDFbouYchH82ViHE5j1TWKZmelRJCEwMzH4="}},"rXRbYW5/98wyqpBBJai8iKBjtevSQ/hUQkmkominMhs=":{"valueMac":{"type":"Buffer","data":"o7RAvDeHfkvR6WtRcsSl6mr/8o3DJhuuSvfxHODjbag="}},"rdB3B9Lr0LHNsva3v4e6BbwmIqqfFNZY6pCaJMwVMdE=":{"valueMac":{"type":"Buffer","data":"OLoaX594xUyfvfnbqpCVaSSAgz1MrL28fceNCSp9200="}},"reZ6tGR8HzbsBm9tadlbNxYE51ZRmX03UV1gubFsHk4=":{"valueMac":{"type":"Buffer","data":"41gQW3IZCzyt9uPd4sXizI6bzSGcfLuE13jxg3wp9eo="}},"rfLrm/yxnxkPWta+r9yEtz4WFvcb092eOIGw61d7J1I=":{"valueMac":{"type":"Buffer","data":"5Etk8p+SPbihBC7yLnFgIM9zFxPnls5lRz0bemF41ZY="}},"ri8UmiRFNbB9qsm4c30q2FSpzv14BbqTD3iH+8f4iAY=":{"valueMac":{"type":"Buffer","data":"+xhsyNLzET1g6qaB4SwRbK5XGo1ztAD94bZ84+ulkjM="}},"r4vo5H0S5hCwrF5TSYn4sPALl+g5oOSKrZvC8f+i63M=":{"valueMac":{"type":"Buffer","data":"RTMHBncAMQtgMdC1bFQKdQzXXdzZJIsieyxCEa//bvk="}},"r+p2CC+nr/qqLoTNrXxkYKKSnR7NAZoN4nrXwM1dPh4=":{"valueMac":{"type":"Buffer","data":"l3yPE4r+qYOeoi7C8FTmV7P/d5KsYRE1dQ6Xdit132c="}},"sCz0lPObsJZFJyzeYn0V2gJ3nrkNbxf/vAcC64G6/AI=":{"valueMac":{"type":"Buffer","data":"Ei6poh/xlW4geP2erB/BipmqvCVoWYnvl8v4LHw2iTc="}},"sE768LRapyfGun/ZWvo1oWDzSenud8fRIpm7hvxPvxs=":{"valueMac":{"type":"Buffer","data":"cis+cja1e5bxdISjPDaoe7kOMe7Soc+Nlk2cwNSpV0k="}},"sKM2v4yBYNszz2Tm+kZ+PisQJ7tLla0ESTHtLS6gpdQ=":{"valueMac":{"type":"Buffer","data":"jJuRYMMZFWRyn6PjR1A9ImDJ/MYIeGKqD8z2eVIMayk="}},"sMMP0kyl5WkBvrx6LN5LVdnxUz95AUgEPPXfapoABkw=":{"valueMac":{"type":"Buffer","data":"YZQVipHw3w0uvqAj2o1jSTZZTSjeqpZZ8aA1ArD4o5Y="}},"sMqlBiMdVQfhap7nkqIFmaMe7sDpCDXzUBnQEPLs8iE=":{"valueMac":{"type":"Buffer","data":"qH+WxmJCIdpPyQAW7Iz59etbTEVoE/PzmhYnZNpqWaA="}},"scPPmjebbY4E1FjqaEXT+lWQWQXkLuJaOFaneMlSJQU=":{"valueMac":{"type":"Buffer","data":"nYfEtwNVmE5mr2i5q5MOfUUejTpJvQcK7QN/SXcOEp8="}},"smJWKDogEtnSvYqpTKwTpqvyefKdCoSqOusJGmLs53g=":{"valueMac":{"type":"Buffer","data":"mtAxbAqBKXbpbFHjRV+tkDItVgP7z4Cq3ZHM48ICTUs="}},"svUAa8ohMNoamQRXVMdRNUAy2cLN/kXvbvs3+4zeDbo=":{"valueMac":{"type":"Buffer","data":"j8/LFuoKJyQhTfdWSgTKQz7vRiNgZzzrhedawm3vewQ="}},"s2QVXwrr0kgaq55eFNOt8eqIHqyuqKMCRNmuhNcgKk4=":{"valueMac":{"type":"Buffer","data":"AmDdXKV+F/m9fiANEyHtL1zsU/lJVARX+DE93o47zf4="}},"s8YUwrG/Dbkhg7drwAd2REsHiPa/FJpO7s7YDqBos4A=":{"valueMac":{"type":"Buffer","data":"9KWNmKQMIksu/RONyfTHIAXanpj5GQBtXRg6QEIc6mg="}},"tTTeRWnfkpBXjBZbvSYohCJgZtt4r2P+sNLpLXkzPi8=":{"valueMac":{"type":"Buffer","data":"KZVceTnV/skqCbdB0NaQ7DA0WuxR1yRAA8NwwVB0L8Y="}},"tYQAHd2mBBLnnItQt5oabcXJIszJp2r+noln/F2BFmo=":{"valueMac":{"type":"Buffer","data":"vuhZkooAoJQiKi+cbO80ud0JNmgV9u2E1BHuaeL2egE="}},"tZdgqMh0PEfgsu3LKpPyQWX34d1z2CcNTsDKAAewFEA=":{"valueMac":{"type":"Buffer","data":"jXuYxLzKqKHVB8Awv+tmWaP1lmCRaBtylOh6bXdm7lw="}},"tZfmLrAHwWAbQjSLhn7mT/RVMuKhLrOBTm1CO6ZdXe4=":{"valueMac":{"type":"Buffer","data":"ZYVa5qMSgy9xLZ6J+YKWShY79QUgzps5ytv7wPpN7cY="}},"tlOoZ840IdS5PpvoF7C1esVlmCDen5nyMpTGmcaWnGU=":{"valueMac":{"type":"Buffer","data":"+Pc+eqn3HwZMQ2wUFI22MEVV9pWomarAM592FghiMOU="}},"tuw8KaVyJcFub3PVb6mgw14RKePFJ+VoggqCbA0Z64k=":{"valueMac":{"type":"Buffer","data":"EMEMTNsgtlImvtBClGccBQGBuKJTAVT1H1lyCKvfbUk="}},"t/69VHruy7Ep0R2OYzXjFkhoy9Mk6JqNTikqIywCOxA=":{"valueMac":{"type":"Buffer","data":"cMVGnEoLd9xCXdTSl547Rnd7Wuyo5YxScWtRf8GHpro="}},"uGGm59LOHcepDeJBRc1c7xeZkybuxRLCUApjx7Zvd60=":{"valueMac":{"type":"Buffer","data":"2VL2TRtfZnZupcGjpCa49FYtf9uIO4G8RmYn7UZuMbw="}},"uS9eQ6ew+RSk+jL9eRotl425oI6e5+eTJYNzO57CUXc=":{"valueMac":{"type":"Buffer","data":"30qzq6hygcIV8cfHNkvn+ID4PayGoKkXZBc9oVE+CP8="}},"uX5HjwQhTfhjJldYBedOWimDfzVdNavZDKEUv3+8wFg=":{"valueMac":{"type":"Buffer","data":"0QMgjXUfacMERucjVaM/guCzH8paRXpOhnXr4TpBxH0="}},"uftMr4H6tjsa2jm+wl/eVZRaqvC4vzaoLDKkwqJnIhk=":{"valueMac":{"type":"Buffer","data":"7OFnB+67dzqOkqz8xQVTXYd4cJHkGWHVNl0l+Wb2cZc="}},"ulZ26TKKd0bhlh4TlXRWW4upNoBDE5tT8uwhS2u4N/Y=":{"valueMac":{"type":"Buffer","data":"8WIbORb1hQ2SSdy7hRdvI3aSY2ET76FFSJJMUEZPou0="}},"uwOjaAwM1eRpG2UW8C2IIVJAtiwq23vQI2v66VoC+lg=":{"valueMac":{"type":"Buffer","data":"/qu1WMBB8R6BhEUTQ2J4fjEI/poSJqRA8rTjWiSdWJQ="}},"u8Jxr08pJKJ+QYyXMZ7x301eyJOlnok4kkufr6D5bJo=":{"valueMac":{"type":"Buffer","data":"u1fe0Rdmb482584bXsP7eFJuy+n3Mwl2VVTDhj874qg="}},"vGgHx2xA0IS+uFlE1X7hIm8hTHJAbvXox9Gi+2zG+N8=":{"valueMac":{"type":"Buffer","data":"DII776srAAcfH9uvpcNU/MPvZdN0l2Vr2ghXVnc3m7c="}},"vUzmQqRgvSfdcrwIWakAnZ9/3x4dIv5hzjPoKKucK/8=":{"valueMac":{"type":"Buffer","data":"TrZiv/VLdXGdzx3HNeMH1AvYoBM2STRwxOr+dQ02dLw="}},"vcu875UjziolsKyzznQ+ckPoG74VmugMfu4m5owF8ZE=":{"valueMac":{"type":"Buffer","data":"hamtPFTgoz8Vw9ZHcQSpz+WYv3ah347CoWMqoUU1vpU="}},"v3EJZ1fX4OekMw4aZce7rkaL4cotw0AdrSdGgFAfR3I=":{"valueMac":{"type":"Buffer","data":"XLqvHbd0taZBzP58zAKZ7Aeaqqdr/0N3kSUZ+y+gocI="}},"wHMMd9+I1goicR3o6ZPkw9AlBQMn8A2wX6UIqyu0XMU=":{"valueMac":{"type":"Buffer","data":"9gOsv0U9l7AxvwnKw4W7ryc77h7bL7UZinDSp68O3Y0="}},"wbXtK+TDB37Iopd0sNnnSyTqSPuypKcEcl2gI1ef21E=":{"valueMac":{"type":"Buffer","data":"FRTf6okaYCnCAVgIYo66Y5S/z1lfwUP0SxU9R/SMhXA="}},"wdsvtS1HS2Ow9adrowITkZUJ7aCZ/LRj/ktAeri+F+c=":{"valueMac":{"type":"Buffer","data":"QWI5ABYEUN6U8v/RSQ509tBsCf6bFJNYkD928PGckZc="}},"w0e65EwcWaL6COVuaQQn5gO3aliJhm7/sLzXBKEnzWE=":{"valueMac":{"type":"Buffer","data":"ipaVdVVW4aUWk6/zz6tcmW9nsfmWP9CoShETdFnqPL4="}},"w0rXip4CmAvhGsd4f+i/ZVqTnm73L/8nQtbZOhxdwqk=":{"valueMac":{"type":"Buffer","data":"GLHE9NCbK0I2qG+W17kLTQEGKZ3OirE709BPz3F3c5g="}},"xBrSEbpYTi0nNBDMT6E6m4VC8gkfiBiXLunr6ZnNHWI=":{"valueMac":{"type":"Buffer","data":"qa3a7qD0qSy/RtBRCKXOjOAHNDyg/5xnLWpoDRcD0Ok="}},"xEcu7/Q660jMNaO4wM+KJO1//iriG9XBJi5euEvNoJQ=":{"valueMac":{"type":"Buffer","data":"kskVbfPnzQC1gOcXNAaC7CbvKGt4BL/L8OR2S2poEkY="}},"xMADcCowucAC9K40B3rD51JphIcAJCesE9vyNiLazFk=":{"valueMac":{"type":"Buffer","data":"wawFYcu8AbU05s5T39yqKKoRM0qMh0EXn8AKNnjujsU="}},"xMYUmysfB04ZHpj5Xh7t5IpGiNMS7rHUCcrYHrP0Qto=":{"valueMac":{"type":"Buffer","data":"NedRu0MVs5LBulib0XBPCNHIHr/80wmtp1BP9ogjEPk="}},"xVLZR/EqYW1UqsIX0ZlhLiVKoOOQot3SOfBtoUH3Wss=":{"valueMac":{"type":"Buffer","data":"mrBTKOgV43NwYvnSKyPxhGQlIft+I1RM2hT1TrHYnj0="}},"xdcihyYjwl2VBkFCbbZ2kia8TTA0//kVWCDufFhJHUA=":{"valueMac":{"type":"Buffer","data":"C0O7ao1BF05hGVyngxv8YEu7zWevN1XwDb2uMLASW9M="}},"xviNn9ORoT0QnLRa/yyBbDbbshQl7IxkB9FyLA/qV6s=":{"valueMac":{"type":"Buffer","data":"hJ1+MQGPFT8/oRLZLvPNXQHkSBaouT4H7V43SW2wVQg="}},"yAbn/wK37/mMqABT0o2yuaI0TJYWPc/PTKHncyf0Y0c=":{"valueMac":{"type":"Buffer","data":"+e2Z0hK4lMl19r8G3kz4DWwbIgeh9JFkElZ8jpXPloo="}},"yBV47xMbbODG9mHlaMK48J1n7c+PPsnAI0rkX596gFo=":{"valueMac":{"type":"Buffer","data":"xaxnuuKP/Wv1u3F2mSjfUinWaBqvOGj6MDgPeZ84XQc="}},"yEPXXLinv8WipNvukcuwOQdphYgnsRNJiBKw5u2PvAQ=":{"valueMac":{"type":"Buffer","data":"QHjMH802gqLkpNJMpMsGtk60U1yVoOunuOa8p7pwugc="}},"yFd3UwiaAt8LP22A0mJNSTPNi5F/NcHJfKVgdf3/hjI=":{"valueMac":{"type":"Buffer","data":"SWIC4q/c+2338xIrOdFHrmiq4+/bSMS3M3XWj878dhU="}},"yRyzcbbYCO0Pv+H4GrOGI8C7DX9Z/HD7dK5rKFExebc=":{"valueMac":{"type":"Buffer","data":"dpfYUKEUzT59UrfosxP8Ak8MtLWL2MXmHebz7bV3UMI="}},"ySozau8Fk+ImoaIXj+CMKiftQ6RCe9rQ0GqA/7Efwl4=":{"valueMac":{"type":"Buffer","data":"2eUx9VARUck/f65gslgiEvQtXGYCYIoscxiD4ZzO6z0="}},"ytRWhtQMtEYGv6JS66S13kk5EdtFUeqRso2YAXbxFZY=":{"valueMac":{"type":"Buffer","data":"ELbKA9MryPpYKrspvsgLoGDjCFskerwZ/RmaRN87s3w="}},"y5IS7Jc6cYt3YviSma9aRfRbGI6NfECiCdIigywDiMk=":{"valueMac":{"type":"Buffer","data":"hgivfFFydaMeu9aABszkvUyq31CHPre0JbBJZ/7Xdig="}},"y9P6kn6CUNqpCpmmylrcyDwBTK7tSuZ16WoanaYo6NU=":{"valueMac":{"type":"Buffer","data":"7MZ9/S8j2Yo/GXoADnW9k5N7Yy+20z1bLVoQUHA9DkA="}},"zCmJ1kARBfM8zJHGG89fR3KhmFfI5N2iFrjHQixScN8=":{"valueMac":{"type":"Buffer","data":"sLRs2ivBfZw3sAifuvuXZVshUEVRIrXebj7+DhmgKHE="}},"zo8bfkM959OX3iSepLOmD6o96x/K9VAZzxU05AjdQNE=":{"valueMac":{"type":"Buffer","data":"4ainNA9htdf9r1y35LordlzuRUm9q0gnLC9f4RzQGGA="}},"zvdIAvrsG3efjzzDLymQVrVggEVZrox6IRARgoIFlmM=":{"valueMac":{"type":"Buffer","data":"PsMX+a0eiZANJ7cyw5LMF6QLfBOK0q9HHlRjxoiHFnM="}},"zxg/qMiBkwXl75w4L40xirfrq8F5Q0gvFhAkWufmZyM=":{"valueMac":{"type":"Buffer","data":"e6DutTB33WWMgADqq/f5hWatz0j0NjW8vLIM8+zjbRE="}},"z3E7cF4qk5V7S8yrkxuocIXQrXXgetgImXkxxz/DQ0k=":{"valueMac":{"type":"Buffer","data":"ZULCwPMO2A5/VJkpm1h+GQdt4uFxCh3lVZdQijC//i4="}},"z4gE3m6ai9dxPpi6EZJKHERjJgQEaJGucl/F5dRD7o8=":{"valueMac":{"type":"Buffer","data":"qCGqnWA2Zv49QS5jziUKfX/upNjIv4LiS8RSMfwDARk="}},"0BsQPM8SCt/Wsjof/ouDqTUm+G1ekGFP8o6c4ZIh0jQ=":{"valueMac":{"type":"Buffer","data":"5NpTl0DdTDMW7ML87DmNB10egQ3h/vn4j6eUTUjyHpU="}},"0QrmUpjXcPicDVirPSZj4e+ycYM69/J6EqKfm6S9qa0=":{"valueMac":{"type":"Buffer","data":"kuX1Tu7g9FC+qjWVOWaoxjsMCJwvPTuhiflLYkPOL8U="}},"0U/W43+rPjT0YcYjUijwIkmmOwjDjFM5MJNsrWils+0=":{"valueMac":{"type":"Buffer","data":"pU19L75yncQiZtqXUUHlUl0Rlute+gI990eNKXD7s/o="}},"0iful/ZZh4FpMRqNb7+6kbmgwSk0OYIUWNtraYJsXW0=":{"valueMac":{"type":"Buffer","data":"GO8M41Mj5ubekGJKHTDwh+LqrmQWQAWZfLp+0N5/pQA="}},"0phRwSdFRAHZWYAcvgQ7hbPhQtc3nPpEfc9yW+Y96kw=":{"valueMac":{"type":"Buffer","data":"m2DwHuXeg37EG0wtTZGQ+KNpqEFYGLRky9x9gR7P5o8="}},"0//u9Ye4nvsSstpK0icV2hHG7y1ZLuWlNy89MfstOQw=":{"valueMac":{"type":"Buffer","data":"TPYELY5/0MqxehUKBT/NiCOILkE7616X3gh35qUzTiw="}},"1DlKbAzMkinFnT9fmEmTuHMzDqoR1BP5anaDD+jaJ6g=":{"valueMac":{"type":"Buffer","data":"LNVm1SFXeh2ScDOpFKmtu1SABZ7NpCVEMJCmg2or2xw="}},"1Qk0/YZAX/76PwW2cNoUrsXz/8+QS3NTcD1IMLYfVf0=":{"valueMac":{"type":"Buffer","data":"R1AMIYOzj0vqsqKrtwkSSo3TFpZSo9fMBz7oaOwzN+A="}},"1VHX29Ymz38CCcthoG2BG1F2RAtJVOgtKTkVruEBtzk=":{"valueMac":{"type":"Buffer","data":"zbdPAoCLtiT/t5n6gkFhEvY3IBaWgLU8SyCPkS/uybU="}},"1Y58cwRfeoIWElCObe28mOWr916tKEDb4HaQ9SeAlo4=":{"valueMac":{"type":"Buffer","data":"LP/eA2HDpniLqNGIj2cS2eJQs+0NpA6sknfXb3COz4U="}},"1g224BDT+MuI2/mbb9LiADuf3TFmLrs4524GADSg5x4=":{"valueMac":{"type":"Buffer","data":"hOqa0hA0BCJr10WOJRjIicdORT5Om1nRaZjU0IR6y7A="}},"1oh/cD3zGueGXB75qUC0+T9opoioWdswNajkEBw62A8=":{"valueMac":{"type":"Buffer","data":"RJTWXvUU+Lu0AaGaMLYSuGW6oCGOGhxmcWPn8qzAL0k="}},"1w4J1Svk9hMVYr/hxyYgtAsGQYN9aXL1bNZWs6R6cCc=":{"valueMac":{"type":"Buffer","data":"Xe62pl78RFtzgft+B27OATVviaxxMQIMo7/PbpOmRGU="}},"18FzqTa272A33pWKUoZWcWV+l/j/7TCnR6kVbMzNOdo=":{"valueMac":{"type":"Buffer","data":"jBPEx7Zq/OuB8whEAiwGO1vyY4P5d4Dpq1V59FZo9AU="}},"1+/sNM5BcM5jBOXnHVJP+jwrhu6COyNst8a5h0SI+XM=":{"valueMac":{"type":"Buffer","data":"0mXcTwnvm+XxC+/eSVw5hJ2KK/HdwBlzKo4Rcsp2N44="}},"2BZhs5TUnkKivhEuOoempLZPZh+JqRjfb6SAUjjXMxI=":{"valueMac":{"type":"Buffer","data":"RT6I0PDmGm0LMq9IijyK4a9tmv0Lcrj4bCGxb9oZsYw="}},"2YkSsbWm6GncX+/sOAuHho0XWj8jl2/6UEaoC3Qadz8=":{"valueMac":{"type":"Buffer","data":"2InQrdMMkjA/DwIIXeKvHY9IO6GjBhudm9AzXj1FQcU="}},"2dzu7Lc7SKiInmGYFFp4XcQ3mScGjw81fK/xfpYYmgU=":{"valueMac":{"type":"Buffer","data":"BJfgJ941qcxZL08P1LelkrT0n6DQ7xd4KGpmTlHUjts="}},"2inzXl2e1VPE/rHw74Ecq2IUY2MjxJytuNaQbjH3Nbc=":{"valueMac":{"type":"Buffer","data":"7CfM0Zvkke6etnmQsFIpHt3T4Zf7QvjMlc7Vdf8zuMU="}},"2o3jkOtxWcWcOZODa9JId8mX0R5fd6ndFI/rWdlEo8I=":{"valueMac":{"type":"Buffer","data":"QYWYXVZj/nxYRby6ylNCzo5mIOYP8fu8MpcPy8eEFVs="}},"2q/YqIlc01MW/Eg/6wycolIVD+u3xWblp7OWF9xch30=":{"valueMac":{"type":"Buffer","data":"LQ6MZk5C14+Cr/Bg7FJxDOd0NJxelmLUOCI/FoTL9Ns="}},"27OXaf7oeI+QBdwLm7ituyLyv36LDNChIj91waknEXo=":{"valueMac":{"type":"Buffer","data":"aONbeq9SbrljwpkhwraVposjTYBY+xudCbuLK149OF8="}},"28ifSFTfu8XoV0IYhbOHnvtB232qRs3XiQmZU84Go+8=":{"valueMac":{"type":"Buffer","data":"Mr5GWku+JhBNQ5koxe3pdqWJ+jaSZQKcs3s7F9IrVAU="}},"3LVNv8Nf37CnbJH2e3bErYxZvqyMxKu3Frc4mdMFB5M=":{"valueMac":{"type":"Buffer","data":"JKgQokwAhG1vNrp7keh0vmfnTsA5RI8RGaDJS8cv1nw="}},"3MyDOpNewcEjfgNOQJnjJuO8yYMhfEyasULCmm6IXvI=":{"valueMac":{"type":"Buffer","data":"X0WU+ycFYFZCRMSdylOaycKenI6EsbfjKkh8ZAXXeuk="}},"3Yh3UaRRDq/NyGPwy/U9nrCCrmEgbjKqdgSaSTp5ntA=":{"valueMac":{"type":"Buffer","data":"G+vVbPJ1oUItAI7SsPBHxBT7BW8f4oTQn6cL0vEDa7Q="}},"3gvmt/fGLxzvO6L47lX9iCJXycAMTugr3VmBNZ3pSjg=":{"valueMac":{"type":"Buffer","data":"XrCDLJCUgo1uYOq/1FE9mpIe+wpqypTTcSY7JTTtSKE="}},"3mhvPQxnfpnCn3uJztVjZUDAVz9QRVuxK4JBL0ZQlnM=":{"valueMac":{"type":"Buffer","data":"eBAX4fha37mV2faEiW7oMG6WXhELZX+xZ16xyj3gRv8="}},"3yGYZ7yXzNoUZ+un15/U/xsDBOLpIIdT3Rrzr+eKAIw=":{"valueMac":{"type":"Buffer","data":"Am8rCn6IHmRN0r/uiH+w3lt7hc6fBQRKXy5kvMar5qQ="}},"3z02l5G3JtlO/6hkjoL42I3xvs4h5RMeuOgxJ3f8Jdk=":{"valueMac":{"type":"Buffer","data":"+fYkxDDh7uJsQUTYtyx0YbCDPiHR/AilV1PyG+61ktc="}},"319lCpYYUN2AVC89utAVXoaPm2ktJGwYNzPYKHEzZIM=":{"valueMac":{"type":"Buffer","data":"z5Dy8yAGDXN6R+PC6GM0H94qPc3kO87T6agn1IBEvvM="}},"4Bx80tpgoSd4db/YMkbN6DN1ykCFQ1qw0A1FkedzW38=":{"valueMac":{"type":"Buffer","data":"Y0YKvuNK89hxReqa1gYz7AY6/n7fKc0UnR9RCZd/6OU="}},"4ZDCUbiXbki6nYB1P3iusquhDtVNwI8ofvZwUF0Byr8=":{"valueMac":{"type":"Buffer","data":"Bg8WMkwPSH/OLPcsJuac+9Yk449gxhC6xDpbNfN+TpA="}},"4Z8rSCwQW3fvPxrrIfGJaQ6lonpc+0NfFot1icDDbM4=":{"valueMac":{"type":"Buffer","data":"716J2ONDPwdlgYUgFxURYQTkMghMdZW9gzFfDKBuVPA="}},"4x04e4pMg71XCW4tI0QHMTOUQ2BL/B7rpU+ruZ8oHHU=":{"valueMac":{"type":"Buffer","data":"nO0iVZiOO3MKg7+pnOmheX48WLcO9Fm/O2rmaObLs4A="}},"49Sc9zh4KpMP0TUwKmMu1495s46QkQj+Dtj+oM6s+NU=":{"valueMac":{"type":"Buffer","data":"Lc0ykt0oNWeE3uXU5y7hoXNGVPalf99QAbcy4cKjb+I="}},"5AOQWzd97l/XEYFDcTDKwBOBUb/DJR8pus5PExBWpi8=":{"valueMac":{"type":"Buffer","data":"7F+bFDm3rISyLbc50pYTjk5FddOccBvFTWV23abz/A4="}},"5CbqpMURmIFKSF8xLeY4/OHwo/UwzIqEvB4nprPPVlM=":{"valueMac":{"type":"Buffer","data":"EaHI/2NTUoeaLtuptIetj0Lbs6nUIjwbwfoNDhImm8Q="}},"5IABRSH7i1Z85L+TkZNwSODu42ep4FWGwK9O84JikVo=":{"valueMac":{"type":"Buffer","data":"prZARLyw+W4IBIXENB7ocYcIRXT1PmtqSiEHiT8bLBo="}},"5L5jwlkYHSt+qh+f8lgSziEZs3VnO+rsloilLZA/PNE=":{"valueMac":{"type":"Buffer","data":"jhTeoO/fc+Tn3yXsSCgwWb8tD+qbNnHc06zE+nCS5CE="}},"5NEcWV5tPb1noMnhc6BEEG+O+J3o1YsA63we6APVkmA=":{"valueMac":{"type":"Buffer","data":"Fx89YrzsKqzP/lbinq8cz2OGIfjrU8tDBzwxHj7Ll+g="}},"5P795CZ3Qe88g5qcV68thvSp+r9M7az402E0K/iGyU4=":{"valueMac":{"type":"Buffer","data":"8/qJtgPG3lYzRulI6c1KXm7rcqfj5UozwTRMzufoU3A="}},"5RpD1Uw3LyDXKqTVQly26DS2SDOnbvHz4NWgetp94fc=":{"valueMac":{"type":"Buffer","data":"4Xz/a/WH//OkkjasClhToGI2xcPTgrp2XyUlLxu8oZI="}},"5cX5khBdmcwr4MMqgPY5UWOuovSiO3UaNte5G9TXjQg=":{"valueMac":{"type":"Buffer","data":"1CFd/gFLCnqdY7+5ViIkQKSyWTydzhFbLuD4/uOCdzo="}},"5ef0GYmdRh1E5BjLsakWXzumfCxlQld8TMrk+A/Xvms=":{"valueMac":{"type":"Buffer","data":"xzQ67i+IIE7xDYK0LKXPhuveQKo/xH7tkmCVx2IddFk="}},"5lMWVUOyF2CcZrxYcHBM5GuHC49VNs9guKuUYV4oxig=":{"valueMac":{"type":"Buffer","data":"+Rz0fpxn1JUbNCjJc04zl6duRLJ24OzBbuNRXNhPPMM="}},"5qt5uC0Odr0LtIGJAsm7R3fpCD+exRNvVlYol141qsE=":{"valueMac":{"type":"Buffer","data":"Cv87o2k0XybV/W5ODQedPKFckY+bXc2lsDtZbdje4jY="}},"50JKzBVD5meZKJsmgDi/SGYpDLOoQsA3Y1/NJKrMrT8=":{"valueMac":{"type":"Buffer","data":"1QWPuwsiwBDlpmQpNLR6vY9SWodNCOZr8hAtDIw+qkg="}},"54AaCCDfkcSjtEbXSObhaVSALpKYwPy83Bn4GTsSoDQ=":{"valueMac":{"type":"Buffer","data":"xK4udcv+M0j7N8JnNXRExQB0R47AHpQT6aJRva1xeTA="}},"59xWaQC32AKEBevtDfU+JBtsR98ScAKwNWtLwtW+6jg=":{"valueMac":{"type":"Buffer","data":"4WqN/r4vzVTJMsr5KxGxJ9/QEcr2H3yhhUnDXsoSUp0="}},"6GkMcyeYbeObdxekhd3xWezv+6Ns0D+6HXJ01pNRFS0=":{"valueMac":{"type":"Buffer","data":"N4VTxJzSUgy8VfhINWyBOBRbhhLIhxWH4iM4hEVaj0c="}},"6PhlJyTDWBLlqQmOMZrNjyoye3oHRCVmzXAsBxeGto4=":{"valueMac":{"type":"Buffer","data":"aCiQWFxlW/Nfe+l5PoWKTpvIJhCerwz/8KLjvUVoPfY="}},"6RWR2U8hk0VLayYNSukw4w8JnsiZeWxcrhctQ/0Inp0=":{"valueMac":{"type":"Buffer","data":"BmqLSw+8I1Xq3KEn2ZX30fnWM3Qye65PARuyd4qR3EU="}},"6SJpAN8QKfchbOn8bkQkD6n62JHFeFzcs/fiHVVx/gE=":{"valueMac":{"type":"Buffer","data":"P1GdN6pEh5m7CkUWZnAWWdEbcUmQ8moQX1shaQn6mPs="}},"6YE40f/bH8F6cW0rFoDgkiu5BOfkbqhuZoPJVtTGkdQ=":{"valueMac":{"type":"Buffer","data":"d16wS8a7Mf9eGXYSwtOtTIPfWTCtFf67XCMpSNPd3qc="}},"6exGko9wpJxSVBZ2HTDqyfw/W6WvF/4PPKQ6zCITbvE=":{"valueMac":{"type":"Buffer","data":"vBl0+OFZfz0OuwVxyfQ1kwCKymZ21/jli1zig70HlX8="}},"6vNXLHjamvvlxiSIGf1yIf9FtzmBoqigQc7VUum0kuA=":{"valueMac":{"type":"Buffer","data":"BGSlog/fEFJ/HeKQjwMmXz+5cIYgvYZc7OMbbcz0TDY="}},"63nJQPP3U1Bw/vW9rY+cLkyDQQ83WyIQAZP8oLFeasU=":{"valueMac":{"type":"Buffer","data":"lmATqFarD/iZRrU5C0Kcw3T+xZo1q4Yj+X/NIOu5mkk="}},"64L1kqSpjyaFfIQ2DFLVuXf/3m9ExihxjMZ3F8dNZhU=":{"valueMac":{"type":"Buffer","data":"cE2094GccdYVJKCrU8MfQfz4OGQopLkDVKuD6Uv60eE="}},"68QBaB13269uCKv6V2hHmNfTUyWQJLDSdFpCr3gncvs=":{"valueMac":{"type":"Buffer","data":"8LlB+wwdGGznH0CLZCPfEYdjQr/K4By9WnYWsAlUSSU="}},"7AFOvTT2QrY0GmbOxOwbAz1e4K4E96kTczah3SdCsOw=":{"valueMac":{"type":"Buffer","data":"sKvVdGFuWSbR/fpS7JWnRyBFNJXTfv4efGb1UX4cXqs="}},"7RbubNJuX3tnvu+hk+QnI95kFzyCMLMvBGIBMIVlVXM=":{"valueMac":{"type":"Buffer","data":"KSTaJBjJlJAgvVYu29qWPBx6xiPQ0N+0KLgtcBPLEwY="}},"7TXiiAjx1gpUY099iKFVDAH5emlHkpP+KxeEN7XTlQA=":{"valueMac":{"type":"Buffer","data":"aVd8nXPBZOW4BpVbyuvZ/eb2Nf6t2f2mK3oeU2Ph5n4="}},"7btfpR0not0g5ZCtHy2Z8utrB8DVVNcMBAU5zuTkQ18=":{"valueMac":{"type":"Buffer","data":"fkNaSvWRd1JTsCFXEAGZc59evOry8JfC5LsG37CBz4Q="}},"8Dr86VyZJgIbH3QUXMlvEHbtzjhQzjbeuklpvH7X4sg=":{"valueMac":{"type":"Buffer","data":"YQiUiMYkIWnTw4tsnhyjMH5hGVQCapyKuxtV2/OqVLo="}},"8U84nKI1Ty8mM0OyPsnS1cc96cMCVJHKL4euyZPN2i4=":{"valueMac":{"type":"Buffer","data":"BxJRY981yu3T6l1h++SVSjuhUbIIJ2czNLRkRH/AKjM="}},"862q8jN/KqZjBJKfBr7fesE1uCN5sBYAV8vICWtO8Ao=":{"valueMac":{"type":"Buffer","data":"k9EGQlRjKQHGzRoEEmJL+GNegfzerqiTVelDx5NyNsw="}},"9cl9H3Ishj5igDJoAjPGlJYOmvPL3AV+hce69ic2kTw=":{"valueMac":{"type":"Buffer","data":"Utd30LGOqeIo9ZVB3kieU7r4OjP9sFzfAox6/bxYuXs="}},"9hVG6+R4NpLy2fCFwsSkPmH3cQdOm+Xi+G0fVGa1BYU=":{"valueMac":{"type":"Buffer","data":"itCE/6+/VD0kTypzmwnDyVMbYngBHuuVnY1tWGdnTJo="}},"9p7sVVfB9/Je1MnYqA6ab8ZBzDOjBX9ooFNYY9+WE7c=":{"valueMac":{"type":"Buffer","data":"rT8j7mXyvWHj1TU4/gYygfn3+BbII8onJ/TBkoGUYTY="}},"9uH+Hq9bCUlX+kJW2IqfGFIxRSRPauw/KotGiV36Ex0=":{"valueMac":{"type":"Buffer","data":"PKaHyCWI/Mlpv2DpaC9Lh5Y0wbSWwVcpkhoye0dpIKo="}},"91NcLoPYtDMtZwKPCSkZ3rCa7wpakz6UJwMR61kvTDA=":{"valueMac":{"type":"Buffer","data":"0QnKevevrWFgLKrblB3bxLTQkgRhl9W3qaP7/GKg4HY="}},"97H4tOMUSqiICRIe36IVJ/cc5ft4QNxMYbL66yjZ34M=":{"valueMac":{"type":"Buffer","data":"M6D9Cv7hcaQ+OiRHXOpMMNXMs7Uy6GFgNX9h8rnYvIQ="}},"97O5rHnGwNMWD6H399PZcmjfNdkt7nabQYp1P6efXBw=":{"valueMac":{"type":"Buffer","data":"pxhEm8zhOHL3XqCOge7T+10KwEATuCnxlckTIEUvEoU="}},"+CJjKVGHcnjGt1A5r1kuCqL2hs1vwBeMmtfBrNYAxjk=":{"valueMac":{"type":"Buffer","data":"vjRE+UXmhE8ihHQn+P9A4ht8Rc5fMbLs2xbi66d/ajM="}},"+HHAxT3vMfXf4LvFFTQk+iU8/pQHaci1AVl0AwX7jFo=":{"valueMac":{"type":"Buffer","data":"AK4pt9UcHysF5Fpnr0ufyRzj+vaI42WHuRYJx2J7eLc="}},"+Vn9yXG172F+byxDe7+4mmqlEysD1BH3UJJ7Q3VrbDI=":{"valueMac":{"type":"Buffer","data":"iJcsw/rQvMZNHWZVNvsiyOOc133uvV4wFmfUZtZdWDM="}},"+Xlkc/1yWRhieCQeYxVmSmbvFlCU0QeOcT0UOcrnM+c=":{"valueMac":{"type":"Buffer","data":"YqkjyxC92Kf+F/texoM9/1ssmHb+DVXjXQeIDRnu7BY="}},"+mC/xxKh9Pg+onKHq+ti0RqhmndZY+jDJUZvmtNx/wY=":{"valueMac":{"type":"Buffer","data":"QVZeZz0j7fbsdubPXlOELdACzQCKbs6AmzRs2wUbWT4="}},"+pSd1ytUUxBg3Y+RU+hgZcawdKvIHJ9dHUjhFiIVXGo=":{"valueMac":{"type":"Buffer","data":"LUeZdos3hmFb+pkXLZIsJYE6FyRpvPAJCmwEpGYhByI="}},"+uTn7qxF2VoykNXof5zCohATsZ46b7ouy2yjOZ/kMYM=":{"valueMac":{"type":"Buffer","data":"RTgtZDtwaQOaJAwB1gTwgx6IdfoJV8LJIGYsx5AIWrc="}},"+1r/dmkTquTZ2U+ZrtmYEMwn0Jnop8QXsw4Bj4aIXUs=":{"valueMac":{"type":"Buffer","data":"/ywOZEw1HFRpCljz8lospESeNDOzxgR9+EH5s6Okf9Q="}},"/d+ho2OIO/Qx3E6AEYzkGt8Vo0dx6lOeXVpLfY037K4=":{"valueMac":{"type":"Buffer","data":"cLivnrdLv7rJQHHDJid3MLIVEf306yqfpDo4r5dh1rY="}},"/f++83U/qebqtAwKz0IlFg9XPpIxKjEU6HGJJoc3FEQ=":{"valueMac":{"type":"Buffer","data":"XsrBrya0ZoiO2VC1PXnQYMvPMxZMDT2h95KeH84nz1U="}},"/k3wXhCmcba+YpJe/Dhj7+tcVzb8ELUlf3Z0O4SWn0M=":{"valueMac":{"type":"Buffer","data":"su0QKSbqxADeA4aAGl6vJdZRoGdDFNwiRdDwYqx0vIs="}},"/tkdHlfZulM0DuMLJ8u6ZsCpVu930Se39eZdlxwj+yM=":{"valueMac":{"type":"Buffer","data":"RWZBWT0cGcrzVnkk3vH+6XpUCslilG5Lb4hFantavVY="}},"/ucq/VHkT8YEAYev7G9cicIYX2DWF955gp9VEoVTfHE=":{"valueMac":{"type":"Buffer","data":"P4eZLLnwr21lCXo3p1b2urCMymDdm31Ls9mkhCmunG0="}},"/4iHcldE1m7YUtPKsL5CnfppiEbr1xjeynfVGKj5Lew=":{"valueMac":{"type":"Buffer","data":"GyW+EuCKfZA107a4Xw9JBTC3tFArcND7k5yMObXt+s8="}},"/+Xf/IHWyHzaZJjnOJegMUSPBYxrtxVBuuapUaR0a50=":{"valueMac":{"type":"Buffer","data":"2tV2JwD/8FpWNIO5F3y61+UqHVlYJD4v/DLhNlyq7xg="}},"BFkp81NFu7MucdRN7wBhC6SBOybhz9o8P5UwMgP4T/c=":{"valueMac":{"type":"Buffer","data":"+zo84DC7L+xpSYKaklrSIZy2gpZNiebUTa1tYrnft2c="}},"agtTJSv681cyNl5jBSTPZDBOXLOJp0iBI6/wFKRYyJk=":{"valueMac":{"type":"Buffer","data":"CDVL0f4090BHshswkwJkMMEXN8PP+WV350ZMuiR3WVM="}},"enRLF88YNM9C9012KxXmw2NtzOHWbRh1CPQQrAcxDfc=":{"valueMac":{"type":"Buffer","data":"7WFFeoR0Yk9k9tBUrYIS7BuzK4wSGi5B4VPYbYnxVBg="}},"6mZwzYQN47LAOS+Gxbd8e/Z8wzY9BZC61PXaytyu7EY=":{"valueMac":{"type":"Buffer","data":"etDPGEiCBBYcIwR+mRbeNdNeavERH+HxLMhZH36Ne2s="}},"QvEOHiHuj0HrELoHifTFcC7twpcsXuafboZBF7oMW+I=":{"valueMac":{"type":"Buffer","data":"uSqLIlxaeKK6KSjQVO5AP/kPmtITgVU9tgR81k8GGTY="}},"TTcxEK4y+Ybrrk189cAUB1+4qe9zEDHlluAs8KPZyhk=":{"valueMac":{"type":"Buffer","data":"wcLokSfxSOzctbdzV4vwWr/pLnNLsVXMquYMhLLtic4="}},"GM2mgJ369g5fGfcV8QBmm0apZ5yWx1DQcneiBaacc98=":{"valueMac":{"type":"Buffer","data":"lT5DojCzRMYmY99m5HBQQ9tcUHuBtTK1EQIgEvUZztk="}},"QLZGf22U0qjs9FY2H96lBvLkg2A2ZJEtHXKVcvtVSEM=":{"valueMac":{"type":"Buffer","data":"sKQOuWeTMPDP24u1WvAi3FoZN9oMNqfEfKvDZbmXQjU="}},"7jmg+OngJEb0ZwtBh7EdiSV5jKCYjIUXIWDNbL/neIA=":{"valueMac":{"type":"Buffer","data":"LFR8c3S69yzVR80BZKDh1FVO+eTkVfaIzYYDzMimyKc="}},"F5Lelalks9Xd44oylWCuSx3vBFgKP5I7Qgt+GsQhZCs=":{"valueMac":{"type":"Buffer","data":"Hl7IclUiBwk7sctTVQZqglzdR+0o9AvAe0XFD6yNFzY="}},"tbUKHt3d3E30fuDuZ8MBlTexByd45TtOr1lEKCXDR7w=":{"valueMac":{"type":"Buffer","data":"8MSkp8NuWCvoSIMaMoiyV2YXOTwncDNRv2JKM7tHZSE="}},"XwEfzMiOrplU1E76nd48CQe/W+YmZjvRvXe8w4jWLBQ=":{"valueMac":{"type":"Buffer","data":"JnIqIPzCF4Kfta4REudSRqixEHVyD7qZFV/uYcoV/04="}}}}