{"noiseKey":{"private":{"type":"Buffer","data":"mEE8PGPogklqRwH62gXhEc6jfGwNqjvfC/rZos3tBF4="},"public":{"type":"Buffer","data":"dzk0UCO8rXcXbK/1tQLI8sE4jTtHMZcmsBNl4DUn400="}},"pairingEphemeralKeyPair":{"private":{"type":"Buffer","data":"yPAtui0jX0btQ6DL9Q6bXrkMvN9pJQZo7xQZekj0UEY="},"public":{"type":"Buffer","data":"fAdyCPcDCumh/2L/DMKhHYBjsgL23o9gmeM13QX0j1E="}},"signedIdentityKey":{"private":{"type":"Buffer","data":"MEiF7w3swSfpxZioDpFLFzwBdfHMhOSLL1o40sd411Q="},"public":{"type":"Buffer","data":"nTaUNbK0pPpFj4co97W1Us6egQ9WHlT4OV4LAdOxnhY="}},"signedPreKey":{"keyPair":{"private":{"type":"Buffer","data":"WKr3IBssC12SHK/tDpb9dWNUIyBCj2hj8BkmL+icQ0M="},"public":{"type":"Buffer","data":"dkWOChAGUv91f8T+DcCvzKTYsm6Zl/FN07znbsWHrD4="}},"signature":{"type":"Buffer","data":"ml24HEInf3C/M6BeuHB4m4bEulmIoinBA0sxsvNv0pbwrWlp21DpWCugZX2nVtJo+aPpS3Ho0KItZbvTgS8wBA=="},"keyId":1},"registrationId":116,"advSecretKey":"9cfdelWpmrIVCzQBRcI5asluJNHWaW5lR82JB/iHOwE=","processedHistoryMessages":[],"nextPreKeyId":32,"firstUnuploadedPreKeyId":32,"accountSyncCounter":1,"accountSettings":{"unarchiveChats":false},"deviceId":"UJ83IAK7S5OgYQKe5nmJLA","phoneId":"1bae287e-f181-4546-a9ff-f4cd8b9069b8","identityId":{"type":"Buffer","data":"w4ofIeqYTMHdHVrRf/izJpF5q88="},"registered":true,"backupToken":{"type":"Buffer","data":"alU0SSOMagIciGqRYx2Q8ij4+KU="},"registration":{},"account":{"details":"CMTZ7oUHENOzkMIGGAEgACgA","accountSignatureKey":"fC7nnsXfSQDO7rTueo5tLAqpqc54m0awpiXAWDihJhI=","accountSignature":"fMk3fxQlWszRg1JjtKH+kE3wXvv+9wcBwqnpS5p0CqaykUEigzu/D4rgF+FsRXE6HYMLpjaEEbPPy/oAS/y7CA==","deviceSignature":"WIHbpU0CxstL6m+5mJc/nFQ4FzTtydt/Fe1tSQ7UFJreUO5t6wIl4/+7qcZ/hSz7NykCWKIK667aVyO/on9SDQ=="},"me":{"id":"559881045916:69@s.whatsapp.net","lid":"113250234589360:69@lid","name":"KLZIN (dono)"},"signalIdentities":[{"identifier":{"name":"559881045916:69@s.whatsapp.net","deviceId":0},"identifierKey":{"type":"Buffer","data":"BXwu557F30kAzu607nqObSwKqanOeJtGsKYlwFg4oSYS"}}],"platform":"android","routingInfo":{"type":"Buffer","data":"CA0IBQ=="},"lastAccountSyncTimestamp":1749293704,"myAppStateKeyId":"AAAAALum","lastPropHash":"3R9Z39"}