{"_sessions":{"BXj/edb35Na3PcLoc4klU0MJjfkd0UWLFecx5f2GPWNc":{"registrationId":654968559,"currentRatchet":{"ephemeralKeyPair":{"pubKey":"BdPCctT3UTrHlxT5zm1VvsElLoLzwSX/rt883b0m5MMM","privKey":"iIz6SOAeFfhzLo6Eg614JM+g0TLrooqvEv+jTLBv82s="},"lastRemoteEphemeralKey":"BdILXP5N1/Hv13N8FUy5NCTGVxnnEswD5pL0sXPdqJ8t","previousCounter":0,"rootKey":"ftZhWgHQK44OYONXSINHsCqPyUy/fkWHSg3Sx/wgc/M="},"indexInfo":{"baseKey":"BXj/edb35Na3PcLoc4klU0MJjfkd0UWLFecx5f2GPWNc","baseKeyType":1,"closed":-1,"used":1749294768394,"created":1749294768394,"remoteIdentityKey":"BRVY5Hfgjnj4KG05WOqPA4iuJE+Sepc2ZB0HkfB86Nd9"},"_chains":{"BdPCctT3UTrHlxT5zm1VvsElLoLzwSX/rt883b0m5MMM":{"chainKey":{"counter":0,"key":"rZSdKzhlaWd8M9xLT3+nZAmvuI2m0yX+ZqmMG1owGf8="},"chainType":1,"messageKeys":{}}},"pendingPreKey":{"signedKeyId":4,"baseKey":"BXj/edb35Na3PcLoc4klU0MJjfkd0UWLFecx5f2GPWNc","preKeyId":2655}}},"version":"v1"}