{"_sessions":{"Ba5e5gBZBoTsBiZMmHVGctcX1hqzCm1NDbtF/sxVXXt6":{"registrationId":724061344,"currentRatchet":{"ephemeralKeyPair":{"pubKey":"BWuB9vcmqeMJeIjDDWoj3J4a32MKsVoMgng0KRLyQLIx","privKey":"eFCPkp3fFJtut7gpcm5OYxBc/Q6SgqCkWTfq5MCXFXU="},"lastRemoteEphemeralKey":"BfPnPtJ12Cw8RrR62c59ecrDDcL7AGEbNAYIbkzeWdY+","previousCounter":0,"rootKey":"ztddKBajoKjmWjZLYmtxWxBr/hQQEcrshhTG6jwLHEM="},"indexInfo":{"baseKey":"Ba5e5gBZBoTsBiZMmHVGctcX1hqzCm1NDbtF/sxVXXt6","baseKeyType":1,"closed":-1,"used":1749327784595,"created":1749294768411,"remoteIdentityKey":"BfSjGXBaHLdQQo8czPQ9/Rj4fhrtQWehKiP8Rcx4Kc4E"},"_chains":{"BfPnPtJ12Cw8RrR62c59ecrDDcL7AGEbNAYIbkzeWdY+":{"chainKey":{"counter":1,"key":"0GmEHXxzHEdsN3eW5iWHH8cIpCJNLQFvjMI/IXaU9ms="},"chainType":2,"messageKeys":{}},"BWuB9vcmqeMJeIjDDWoj3J4a32MKsVoMgng0KRLyQLIx":{"chainKey":{"counter":-1,"key":"Y5VNX64InQWKZi4H9xGnMqd4+bq0fu/lUZqlv/byAiE="},"chainType":1,"messageKeys":{}}}}},"version":"v1"}