{"_sessions":{"BWSXG66LK4pl3VMJILyiuF62VBJpoUGWG6DTD+kBH19A":{"registrationId":908884446,"currentRatchet":{"ephemeralKeyPair":{"pubKey":"BVwnZn3gp+2t3EwYz6OE86GyG69GDq45FmfE8yXazdEk","privKey":"UGSDLR1b5wiDZCtUBTa35A2qQ7ExGIjl8Nyn/A/ty2E="},"lastRemoteEphemeralKey":"BVT6zeOyBZpjNHg/WyZPE3kJpTeDR/MUvpSUOjqlacFX","previousCounter":0,"rootKey":"0kUSffunXZjUKgVP9hoqUNCXcuNnJ4gUjxz3ZKBG4A4="},"indexInfo":{"baseKey":"BWSXG66LK4pl3VMJILyiuF62VBJpoUGWG6DTD+kBH19A","baseKeyType":2,"closed":-1,"used":1749335122156,"created":1749335122156,"remoteIdentityKey":"BbCaKQsjaIB1gdPFLb5xanhxkD0AEhZWtiPMfV3/IosB"},"_chains":{"BVT6zeOyBZpjNHg/WyZPE3kJpTeDR/MUvpSUOjqlacFX":{"chainKey":{"counter":30,"key":"KBjGwnKtWAtRJA8LApwZPJ0hfjIutL4amSbIl/3dH5U="},"chainType":2,"messageKeys":{}},"BVwnZn3gp+2t3EwYz6OE86GyG69GDq45FmfE8yXazdEk":{"chainKey":{"counter":-1,"key":"7PKh2PEoYubnXTXkOvPki2rjoWl+CimZ+uB48qHCbjA="},"chainType":1,"messageKeys":{}}}}},"version":"v1"}