{"_sessions":{"BZXT//wiQJsg0I9eXWc7FN/gHjDn+Pr16D/ByvJJF5V6":{"registrationId":143019968,"currentRatchet":{"ephemeralKeyPair":{"pubKey":"BYTCMlFsLZC5b2EDQDiPbatx5SVFmjxoIYk0Q9KT9RsO","privKey":"qIa74de8oljcRnONnPRsMDi462SQDHMPLh/ZjothYGg="},"lastRemoteEphemeralKey":"BTsLzXEz2QjxDHsXzRuDEO0pNQdschX9PWSEVa3WLoRN","previousCounter":0,"rootKey":"uLuwZgTtuAS4reoNeBAsNnqsf2z7D1CWE15+riKaGxA="},"indexInfo":{"baseKey":"BZXT//wiQJsg0I9eXWc7FN/gHjDn+Pr16D/ByvJJF5V6","baseKeyType":2,"closed":1749296508231,"used":1749296390000,"created":1749293528875,"remoteIdentityKey":"BXwu557F30kAzu607nqObSwKqanOeJtGsKYlwFg4oSYS"},"_chains":{"BRIcIG9JeyS1NFp8KtlyUB8wfmYxoCgdyI7BZ1cdS0kL":{"chainKey":{"counter":9},"chainType":2,"messageKeys":{"0":"YYO+chYzAX1RySn5xaWpCLeGzcnxNUNVRuasM3Wuch8=","1":"okrMf3Eup43l8Ye65CGeAHzEFBGOtXtjFZcojw1eGt4="}},"BUMLlRypZPJMQeWS8NY474YmhVKhU1N49e1In7VrXtdd":{"chainKey":{"counter":0},"chainType":2,"messageKeys":{}},"BeZ2KezJVwA3z+ccv7eezA2fzZY2nuNq+y24zhzMHNdo":{"chainKey":{"counter":0},"chainType":2,"messageKeys":{}},"Bb0Iz3bomDZB9QPOh/nBRhgbv59v0y4f5NkcSlxd8DZf":{"chainKey":{"counter":1},"chainType":2,"messageKeys":{}},"BexjWE30IiFCWebx+rgJAgy2VL6rKtnJ2qRy1bK/3I8l":{"chainKey":{"counter":1},"chainType":2,"messageKeys":{}},"BUANn6vI3s5KQz0bSKrQT+c8OHADeGW3BqZ6K1qBFxF0":{"chainKey":{"counter":0},"chainType":2,"messageKeys":{}},"BX4CwbF//mnbsNLZ33fYt5MRJYjsTcb3webokcJhbvF5":{"chainKey":{"counter":0},"chainType":2,"messageKeys":{}},"BV+29AvxghYh9xoi2xwKSQY8aPMvn4OCxunjxjOU5pt3":{"chainKey":{"counter":0},"chainType":2,"messageKeys":{}},"BXONjwNcJBNkQ/sm8C38u9jqLSrGFDgIST/wPeeR13hw":{"chainKey":{"counter":0},"chainType":2,"messageKeys":{}},"BSEY6NLQUeTpYATa1cOOQSIPhrRisu5vGsworFLoXFYo":{"chainKey":{"counter":0},"chainType":2,"messageKeys":{}},"Bcc7icQXxiJHgrURi0lj6FxrYiJsJWujmfHG9o12NUE8":{"chainKey":{"counter":0},"chainType":2,"messageKeys":{}},"BcoCmSO56op0bzzBki/pDtzTGlCTrjdWnbkF67ZAugoy":{"chainKey":{"counter":0},"chainType":2,"messageKeys":{}},"BQ6aZOtxS4HB1X5wfiO8o26JJThi+vgcbXZToLtp8+FN":{"chainKey":{"counter":0},"chainType":2,"messageKeys":{}},"BRLbOaSVJbdVucjFxfEQEPSX3cOrrajwZ4z2oQypy8E0":{"chainKey":{"counter":1},"chainType":2,"messageKeys":{}},"BR7btX4Uzek8MkfO/8UWlzexYULhY7pM1mN5b9D3iEUH":{"chainKey":{"counter":0},"chainType":2,"messageKeys":{}},"BR168LcdOUYDHcejD6WX9YbiCoLqBurHgfgrW0dAR+ou":{"chainKey":{"counter":0},"chainType":2,"messageKeys":{}},"BRATO6is/PrFisleXGcftw7B5IsZUzBB3YeE9RuffdV0":{"chainKey":{"counter":0},"chainType":2,"messageKeys":{}},"BaE8/prcIr6fmtA6Dt+VNih+G0/KkpU3RYeF6mhXhTYk":{"chainKey":{"counter":1},"chainType":2,"messageKeys":{}},"Bd2ZWWdprdmTp6Hcb+LpEN1nPULEts1wsIXnQBymbmEu":{"chainKey":{"counter":0},"chainType":2,"messageKeys":{}},"BXpwEJD9nRKPlUmoeRQLMgmx+zigXFC65StX4UjPR6wo":{"chainKey":{"counter":2},"chainType":2,"messageKeys":{}},"Bap3Q4ovECeBCxEn7md71PQFP+2RrwDBSiRwIzTNX5JI":{"chainKey":{"counter":1},"chainType":2,"messageKeys":{}},"Bd8h1WSxXjNpDiy4Q3aLAUgSpR9pRUm8sH5DFXAx9/4K":{"chainKey":{"counter":1},"chainType":2,"messageKeys":{}},"BTsLzXEz2QjxDHsXzRuDEO0pNQdschX9PWSEVa3WLoRN":{"chainKey":{"counter":1,"key":"OMl9Kr9V6KTOMHpVrVdWsu45AktKeSZxqfRPvOlp7BM="},"chainType":2,"messageKeys":{}},"BYTCMlFsLZC5b2EDQDiPbatx5SVFmjxoIYk0Q9KT9RsO":{"chainKey":{"counter":-1,"key":"aom3cCAoqtYHEHEV9J2+n5BWVkhiX7Qh3NEoTUrhtsw="},"chainType":1,"messageKeys":{}}}},"Bbr+ux0iLp4bUq9pIWvjto0kGOOOkhtedx3oAMkcsZ4C":{"registrationId":143019968,"currentRatchet":{"ephemeralKeyPair":{"pubKey":"BVeA0tX9bwSEAIxY4vSPKWvRZ1nhpnrv73Ic4JfniWx0","privKey":"2LPtNGgd+L3YorjSvbUSyeEBDnWT9+nGzPkO30Hnv0A="},"lastRemoteEphemeralKey":"BU+c5Stj0sTtxpBN5KLJy3mP1cafONdwCu2xI7Dn30lm","previousCounter":1,"rootKey":"U8oOf0AzhP64520drj40OQ+9r+PvEak/r82z/svh+Lg="},"indexInfo":{"baseKey":"Bbr+ux0iLp4bUq9pIWvjto0kGOOOkhtedx3oAMkcsZ4C","baseKeyType":2,"closed":-1,"used":1749385370618,"created":1749296508236,"remoteIdentityKey":"BXwu557F30kAzu607nqObSwKqanOeJtGsKYlwFg4oSYS"},"_chains":{"Be6ZW4qDDLULUe7PtNPjhOdJeWSodvzSgEj6P0zUfOIN":{"chainKey":{"counter":73},"chainType":2,"messageKeys":{}},"BXm6OSKspua3nxPlPJ0315RHYGiEIVaSNDNpeHNYjKNm":{"chainKey":{"counter":25},"chainType":2,"messageKeys":{}},"BX5eYgbvR5cMrPr/Z47I1Lk2fx3frkxWTytNxxZbhj8l":{"chainKey":{"counter":1},"chainType":2,"messageKeys":{}},"BWdEn7cAC+TEF3pDj0dv6Tbokmzrfnk1U1AFND9NTbp9":{"chainKey":{"counter":0},"chainType":2,"messageKeys":{}},"BTiKlH+uATPI36XCO2yftnE+OJleWemLgyVsS7eAKf9q":{"chainKey":{"counter":0},"chainType":2,"messageKeys":{}},"BQlq2vw8aX0uwrrtV/udPLnr3oAIE+lSuG6LHBMZ0zEA":{"chainKey":{"counter":0},"chainType":2,"messageKeys":{}},"BUrrbn+eZzJ9MRek5FCrRkirvNJ/+zKuh0VD2w+VJjwM":{"chainKey":{"counter":50},"chainType":2,"messageKeys":{}},"Bcdh4onwQ+E0epBp7z17XaUDJZP+vWRNhadiate2kzot":{"chainKey":{"counter":0},"chainType":2,"messageKeys":{}},"Ba3eOBZjWcsm253Fd7H3/Ko+CU+wb6QozUcdx211D70C":{"chainKey":{"counter":0},"chainType":2,"messageKeys":{}},"BUfdAdkxX6/UIKfLwoVOsXo489UbU0GiIeLqia1GdR92":{"chainKey":{"counter":0},"chainType":2,"messageKeys":{}},"BWuXygNePLpPDbXk5I+Vgsv89qetvD6dqwI8U9zg6qte":{"chainKey":{"counter":0},"chainType":2,"messageKeys":{}},"Bdnl5ALzRhHp5wzSuUacVxhBEF0+ffWGz9JaQuDb5HJS":{"chainKey":{"counter":0},"chainType":2,"messageKeys":{}},"Ba4a7ntQfILW0+FMqVvDTviFim1qRI9d7vX9Vezyn9VR":{"chainKey":{"counter":0},"chainType":2,"messageKeys":{}},"Bb3nfruQu5nvVvCVvyrfdYsTWYsTSxpnLLzjrDECoyxB":{"chainKey":{"counter":0},"chainType":2,"messageKeys":{}},"BanZgd7IaOuUP2Hh3shJFI5xBGqVgTElgbDyF6qjL/wW":{"chainKey":{"counter":0},"chainType":2,"messageKeys":{}},"BU1enI44NzndKve3JHvkoL8vf8t9jSspbD46yWMz4P5T":{"chainKey":{"counter":0},"chainType":2,"messageKeys":{}},"BWqfSob2tFB9VXLX2kuwAZLF8U7/+Da4v5FDkKXG9vQa":{"chainKey":{"counter":0},"chainType":2,"messageKeys":{}},"BSXDboWi4OBKuKMw7fypWvzfhMHp+aU3qrYw1nnNr+px":{"chainKey":{"counter":0},"chainType":2,"messageKeys":{}},"BTNV1VHyA2x+YZEm7I9kMKaG+1qN2e2gCVy6HkxHZOAh":{"chainKey":{"counter":0},"chainType":2,"messageKeys":{}},"BUs0+9OSCVgac/b5G1s24tkxisn157DsPgL27MX8DJhM":{"chainKey":{"counter":0},"chainType":2,"messageKeys":{}},"BdgqyQFY02A9OVIYdQOcx3qWokRB9/zuorNtk1vUvHF/":{"chainKey":{"counter":0},"chainType":2,"messageKeys":{}},"BfUo7TjcviecMbl5OR8svNkBops2+eDVzRK7BBbQZSIU":{"chainKey":{"counter":0},"chainType":2,"messageKeys":{}},"BROvxBQVJ4bBToWVOWqfJ05sORqe3bS57wyg06Oyz6MZ":{"chainKey":{"counter":0},"chainType":2,"messageKeys":{}},"BSi/0pIPzwGR4SE6JvZ1l2+fTyMPlx8t8WgWgiOTxJ0r":{"chainKey":{"counter":0},"chainType":2,"messageKeys":{}},"Bd4ieRBITBifYiSnaL8csi5YgMr+LK2eH7Hv2rTCSpwW":{"chainKey":{"counter":0},"chainType":2,"messageKeys":{}},"BW0ohxZn9VV+Cqm92gGVFnFfNQ7UZVkH8a0R26wol2h+":{"chainKey":{"counter":0},"chainType":2,"messageKeys":{}},"BQIF2kcyTN0Li1bG6+VVuz69ELoZWKfu+ADKIfc+bphU":{"chainKey":{"counter":0},"chainType":2,"messageKeys":{}},"BRQoVXkX6GQwYyGUQoJ0/PMXn4A28eoX9aaesYb3whVP":{"chainKey":{"counter":0},"chainType":2,"messageKeys":{}},"BVAYT9jpsMPmSQyADvqtN3lCHMZ1zpkYnUtVUGrzrUE2":{"chainKey":{"counter":0},"chainType":2,"messageKeys":{}},"Bah3nLsGhhE3zd9J/oyRb8sHqqoL/htRBFLcE/t6f2x7":{"chainKey":{"counter":0},"chainType":2,"messageKeys":{}},"BQEWohuSiecrR03iipkAE/akAiURpQW3qIsO60HH/RMS":{"chainKey":{"counter":0},"chainType":2,"messageKeys":{}},"BYn1GfrhJkxnLjSg27aPxMFcc4OPx/DgNNRM3L1fS1N3":{"chainKey":{"counter":0},"chainType":2,"messageKeys":{}},"BVrwnq4orTZv2/eDdZF5YgxXvqVGTR3U89INIrL/w8gt":{"chainKey":{"counter":0},"chainType":2,"messageKeys":{}},"BYF+drUVNfGrdiypeQvZ+XZUSLs8/PtvaIfbVtHg6aAP":{"chainKey":{"counter":0},"chainType":2,"messageKeys":{}},"BR94anip4j/12P+2sTVDuQvDix5nW/tmHK/89KX7P/xH":{"chainKey":{"counter":0},"chainType":2,"messageKeys":{}},"BWu/fEe0GU2bsEH1HbHvTSWPjFiUFilao0KU418Ym1hF":{"chainKey":{"counter":0},"chainType":2,"messageKeys":{}},"BV1ukxpyF44qo7SdEvVojrSiuiX+e3lWjOqI3AzUveMX":{"chainKey":{"counter":0},"chainType":2,"messageKeys":{}},"BRxh9OkuHRk4MkKUHNrHBGfD1UrF4tRk157KZB4JlB5B":{"chainKey":{"counter":0},"chainType":2,"messageKeys":{}},"BVvpvRMzDOfJShBoIpeLeRTmC8IYtqJrLPw0rb5LoUAH":{"chainKey":{"counter":0},"chainType":2,"messageKeys":{}},"BQVL2QW7HCbBhXYn78KaeCP+cfAqv+4Csx/EoLB/fbcM":{"chainKey":{"counter":0},"chainType":2,"messageKeys":{}},"BS+C8aB2Blgi6pNhjQ89qLhG9EDJo7PXiZ2QHk6814cv":{"chainKey":{"counter":0},"chainType":2,"messageKeys":{}},"BclUwbDKH8ZiZ+c1usR2EA3cVl9a3DpPRkuqqJpAriNA":{"chainKey":{"counter":0},"chainType":2,"messageKeys":{}},"BU+c5Stj0sTtxpBN5KLJy3mP1cafONdwCu2xI7Dn30lm":{"chainKey":{"counter":0,"key":"oXVCTzmA1d1F7oJ3cSm2t2v+V0n1G4uDPrMZBy26Nw0="},"chainType":2,"messageKeys":{}},"BVeA0tX9bwSEAIxY4vSPKWvRZ1nhpnrv73Ic4JfniWx0":{"chainKey":{"counter":2,"key":"QGnFTp5upBnanhr1yn8Al+iShKT/eGM3lqwiv3fpfdU="},"chainType":1,"messageKeys":{}}}}},"version":"v1"}