{"_sessions":{"BUwV4LFhdn+fXyGm7mZw5Lu/8CvtE9YGK/kJxqrnyQdj":{"registrationId":1219515110,"currentRatchet":{"ephemeralKeyPair":{"pubKey":"BYOe/ZOoIBZ4HAxpxQ7k2UlS9PaJnVGLqSOES4pk7LtZ","privKey":"yE4mydbN2cYGIwKgqG6u5lDNkRHdTABeceth0nKl0EA="},"lastRemoteEphemeralKey":"BXtHk2zdKiAMdqBi83XG8S9hUmK6pJSlMyMeILmqYKw2","previousCounter":0,"rootKey":"zXzCc9NCG94geqmVRH0DLUTYE6dCBl861N2hK9f3evg="},"indexInfo":{"baseKey":"BUwV4LFhdn+fXyGm7mZw5Lu/8CvtE9YGK/kJxqrnyQdj","baseKeyType":1,"closed":-1,"used":1749294768406,"created":1749294768406,"remoteIdentityKey":"BfZQ0QxNrQGZEN9VxX0Jqlp8tdO3lzud0w3F30Vh8rUX"},"_chains":{"BYOe/ZOoIBZ4HAxpxQ7k2UlS9PaJnVGLqSOES4pk7LtZ":{"chainKey":{"counter":0,"key":"khss/dyXVViJVS720iyNV4/rGeRfjZxIkIZQ7BxJFV0="},"chainType":1,"messageKeys":{}}},"pendingPreKey":{"signedKeyId":7,"baseKey":"BUwV4LFhdn+fXyGm7mZw5Lu/8CvtE9YGK/kJxqrnyQdj","preKeyId":786}}},"version":"v1"}