{"_sessions":{"BSqkAGXaalU6GIfIdAYotSBAZSI6p/RkaTgFMaHRIasF":{"registrationId":3787,"currentRatchet":{"ephemeralKeyPair":{"pubKey":"BXzKiEf6XZaIS2qLvwEzW6pwQv5O6MBCDHOvygcCvw1e","privKey":"oBkv+srM1khY+RxLtBWerzv3sP/fwUxd9I94kLynDnM="},"lastRemoteEphemeralKey":"BTT3BflL2NEDindmkMXLzKNSXOSYCYucHgUyu8xZJYdm","previousCounter":0,"rootKey":"illDl/uNL3UB4fMiThEW/E7o3MADmZvm+kRpRKMTlU8="},"indexInfo":{"baseKey":"BSqkAGXaalU6GIfIdAYotSBAZSI6p/RkaTgFMaHRIasF","baseKeyType":1,"closed":-1,"used":1749294768400,"created":1749294768400,"remoteIdentityKey":"BXGTMOTrjVOMPi4vTiyh82aUdL/z0fR7p6u7ywJaLhFP"},"_chains":{"BXzKiEf6XZaIS2qLvwEzW6pwQv5O6MBCDHOvygcCvw1e":{"chainKey":{"counter":0,"key":"2R8py9YMU25pHRKp8h93cTgrKYiiZM6EyZgVQSvbxxA="},"chainType":1,"messageKeys":{}}},"pendingPreKey":{"signedKeyId":1,"baseKey":"BSqkAGXaalU6GIfIdAYotSBAZSI6p/RkaTgFMaHRIasF","preKeyId":662}}},"version":"v1"}