{"_sessions":{"BQR3e2D7iKQvfK5lRehlqqdX1XgX3jPx9NCYErZyXXow":{"registrationId":372851166,"currentRatchet":{"ephemeralKeyPair":{"pubKey":"BeHKb5+48bfnVOGzJO7Hep//sX4APQ7BOkea6CLH3udj","privKey":"eDYBSA+RHejZAeff/Q2DPZ8IFBYt8mJaTjfMfdM7AEE="},"lastRemoteEphemeralKey":"BSazvy7E7JK2wRCG4nQjrM3tV/QTnHlz+mSJhKHJNrEI","previousCounter":0,"rootKey":"YWLKl3cIYx6xcCcCu1HbZZUB+f6Kp1m0GKqJx2lqE9U="},"indexInfo":{"baseKey":"BQR3e2D7iKQvfK5lRehlqqdX1XgX3jPx9NCYErZyXXow","baseKeyType":2,"closed":-1,"used":1749335959706,"created":1749335959706,"remoteIdentityKey":"Bc/PCriLUy2BFEq+q0fJm+3EjdTuXNvGbmScEmA0dVBU"},"_chains":{"BSazvy7E7JK2wRCG4nQjrM3tV/QTnHlz+mSJhKHJNrEI":{"chainKey":{"counter":2,"key":"Ud9iTHVJwyD9B7MSi5OcdDNWgD+bw5sGhupqd/BN+9Y="},"chainType":2,"messageKeys":{}},"BeHKb5+48bfnVOGzJO7Hep//sX4APQ7BOkea6CLH3udj":{"chainKey":{"counter":-1,"key":"QJFV7m5+TybD0LgPMhiXuAxworMZyJY6D4YBX74zgHU="},"chainType":1,"messageKeys":{}}}}},"version":"v1"}