{"_sessions":{"BRltWYCPylQIpIc6tw3gsIxJBEPpyiOw+3P8WbxLipsT":{"registrationId":1743631227,"currentRatchet":{"ephemeralKeyPair":{"pubKey":"BTzMOLUCsX14Mk7rpIvT+irDzER6ckTOBfgW4/HvFwQX","privKey":"KK2XWNbPmx+Pq6jLnqG9BIWBttqtrGpfvdTK0p5StlM="},"lastRemoteEphemeralKey":"BbLfWoFdZjkIn3dMjmhzOBq1fOS8uoIuiJ+RQEEte2ch","previousCounter":0,"rootKey":"d6bIMMmxK0vTino1yGaRnUOJG3oATTSrfg70X4v04CQ="},"indexInfo":{"baseKey":"BRltWYCPylQIpIc6tw3gsIxJBEPpyiOw+3P8WbxLipsT","baseKeyType":1,"closed":-1,"used":1749294768416,"created":1749294768416,"remoteIdentityKey":"BbQF1PG4/Gpj4ltkiBZonjiviB7NGvyea8FlB9r67aoE"},"_chains":{"BTzMOLUCsX14Mk7rpIvT+irDzER6ckTOBfgW4/HvFwQX":{"chainKey":{"counter":0,"key":"ZLFZViB5ugxSIgUwb/yr1FSa3541zuk0m4cGO53zSyo="},"chainType":1,"messageKeys":{}}},"pendingPreKey":{"signedKeyId":12,"baseKey":"BRltWYCPylQIpIc6tw3gsIxJBEPpyiOw+3P8WbxLipsT","preKeyId":7063328}}},"version":"v1"}