{"_sessions":{"BcD7/L7KCK5MiopcfNIuss0fquPNakVNxUHVmzZpmwBL":{"registrationId":381091349,"currentRatchet":{"ephemeralKeyPair":{"pubKey":"BZ7pIrLFdkfvOzWB0zK9YWz0CBsRQoYYQJr/zXreLqsm","privKey":"4NJmKdrw8Z8Km3jIL1/hnTR6e+om6yXcwu/R00CJyHg="},"lastRemoteEphemeralKey":"BfiB5YCV4+f7ZznApkYkaX1f2nXk87DjgVcO2/p/st49","previousCounter":2,"rootKey":"mrFImuhsPP8b9lwkZ8XS1faBar8djeVsO8LkHjURYwg="},"indexInfo":{"baseKey":"BcD7/L7KCK5MiopcfNIuss0fquPNakVNxUHVmzZpmwBL","baseKeyType":1,"closed":1749327783589,"used":1749306587465,"created":1749293595278,"remoteIdentityKey":"Be9KFVYyT1MQuc4ZCbjGR/8zcdbm43Eey2t+e7AdS6B5"},"_chains":{"BfiB5YCV4+f7ZznApkYkaX1f2nXk87DjgVcO2/p/st49":{"chainKey":{"counter":0,"key":"QNKQbowXhjJgDoUUy4E4+m7NSW003WfoETZyBf6acZs="},"chainType":2,"messageKeys":{}},"BZ7pIrLFdkfvOzWB0zK9YWz0CBsRQoYYQJr/zXreLqsm":{"chainKey":{"counter":-1,"key":"HacE+QrFIRhRoZZKFd0CA/t+Kor/bq4m5K1pXP5bi4k="},"chainType":1,"messageKeys":{}}}},"BUUWSBbiZC50/SxVwOtJmlvoeqokpnDod5lmqcFfJjgL":{"registrationId":1256102807,"currentRatchet":{"ephemeralKeyPair":{"pubKey":"BVEiW2JzG633HtHF44ISOMrOhmP3bG1uccoFtthfWe85","privKey":"YL2L7b/YzuR/X01NT3mZBNo34R6YPKm4CrzS6JSNEV4="},"lastRemoteEphemeralKey":"BTP/raWCKZnFUFvmWKKKk3xnu3bhdJ2Rk35FFPTfYswx","previousCounter":0,"rootKey":"swfvWI9iaALi0uJQo5oWBtBnpzRIEStYquRTxYdge0U="},"indexInfo":{"baseKey":"BUUWSBbiZC50/SxVwOtJmlvoeqokpnDod5lmqcFfJjgL","baseKeyType":2,"closed":1749348402723,"used":1749348355811,"created":1749327783595,"remoteIdentityKey":"Be3LqkeAdL1u8zJrXPNjalJODISwnlTVB8YsXwaweVNl"},"_chains":{"BSO+YvcatXVjZyrQEVEgActJ2URx3E3gnLnVEVsYyQ5d":{"chainKey":{"counter":20},"chainType":2,"messageKeys":{"18":"vmnVShaCKT1JpOmJLalyBOBeID2gW00S6R//EA8lnLQ=","19":"/i8vqPW5FiwieZtjzsjzwjpR3YG/PU+fgNfhhJkQ7Sk="}},"BZ4V9DZwiEritp5Uv6eo/TR0/f22Slk3RFX2Azdcljtd":{"chainKey":{"counter":0},"chainType":2,"messageKeys":{}},"BTP/raWCKZnFUFvmWKKKk3xnu3bhdJ2Rk35FFPTfYswx":{"chainKey":{"counter":1,"key":"25fWyeDHlGK0sm1qxAw8FrGPD1XswndhcflDZwhY2LE="},"chainType":2,"messageKeys":{}},"BVEiW2JzG633HtHF44ISOMrOhmP3bG1uccoFtthfWe85":{"chainKey":{"counter":0,"key":"CLlOyPYxSeJAkp8A2C6F81WX8HY2NvnBhT/lhE2jCUc="},"chainType":1,"messageKeys":{}}}},"BSlzYsN/pF3ixgrJ5Yz12lOYQtHbTjG8GkFuBPRT7OQf":{"registrationId":1256102807,"currentRatchet":{"ephemeralKeyPair":{"pubKey":"BceMRFzZ/lpHERn6Cf4S88/Xsa+uEVWVkwH2gufa++pP","privKey":"eEIioc6z4gCU41e4Nrzr/R+AF7kfa2a80Dzf76zQvXk="},"lastRemoteEphemeralKey":"Bd0YTl7+ytA0IFHuWV/Ars92pGj1TwPnDMFTw+nCgLpg","previousCounter":0,"rootKey":"56P1np/Hjdoefj3aH3ciylfWzqQ+S6yXUL55ym3hDeg="},"indexInfo":{"baseKey":"BSlzYsN/pF3ixgrJ5Yz12lOYQtHbTjG8GkFuBPRT7OQf","baseKeyType":1,"closed":-1,"used":1749348791500,"created":1749348402716,"remoteIdentityKey":"Be3LqkeAdL1u8zJrXPNjalJODISwnlTVB8YsXwaweVNl"},"_chains":{"Bd0YTl7+ytA0IFHuWV/Ars92pGj1TwPnDMFTw+nCgLpg":{"chainKey":{"counter":0,"key":"z+9+RNUPqNRf2eo5s3o+jqWUGOz1SytoqaqFUfW3TVE="},"chainType":2,"messageKeys":{}},"BceMRFzZ/lpHERn6Cf4S88/Xsa+uEVWVkwH2gufa++pP":{"chainKey":{"counter":-1,"key":"jl+odmZ1m5qFP2oYvL7FxaSK10NCQxVflexInR1RSeM="},"chainType":1,"messageKeys":{}}}}},"version":"v1"}