{"_sessions":{"BeOQeD+x0RTZQYvxdRMRyaBIYmA3sc1F9NrfqhhQO+wQ":{"registrationId":1575178801,"currentRatchet":{"ephemeralKeyPair":{"pubKey":"Be3tk5qxq0YgvCRYjlMa5Emp82cO//APzXQfG7UBPVdY","privKey":"SAOTpQp1BwFC0113ICxzSPPqpju7M2WxxzyYJS5wQHI="},"lastRemoteEphemeralKey":"BUPDv22lAoM9MTIg6Ug1QCv1KXRz/KhM8k8azuxviz9F","previousCounter":0,"rootKey":"lD6/mV3qyzCJZvxfOuldXJK4GOMbR3B/CAQin70UhjU="},"indexInfo":{"baseKey":"BeOQeD+x0RTZQYvxdRMRyaBIYmA3sc1F9NrfqhhQO+wQ","baseKeyType":2,"closed":-1,"used":1749303527733,"created":1749303527733,"remoteIdentityKey":"BUGj+BKG5NhT/vWWGCdZaL+U02Qkoo2McxPEvB2SJpBJ"},"_chains":{"BUPDv22lAoM9MTIg6Ug1QCv1KXRz/KhM8k8azuxviz9F":{"chainKey":{"counter":0,"key":"uH68UCXhLGgZM+ExSdV4+U0NjuJlffuAka+RFdkT5h0="},"chainType":2,"messageKeys":{}},"Be3tk5qxq0YgvCRYjlMa5Emp82cO//APzXQfG7UBPVdY":{"chainKey":{"counter":-1,"key":"EHIemyxoqKYU0QASM8neDXLmGxELgKfmsOrD4Jb3JHU="},"chainType":1,"messageKeys":{}}}}},"version":"v1"}